"","p_val","avg_log2FC","pct.1","pct.2","p_val_adj"
"Rps27",4.48155847869533e-09,-3.28703919358792,0.143,0.938,0.000111922441446937
"Rpl11",1.29821503332468e-06,-2.38882264393432,0.429,0.922,0.0324216222422506
"Rps16",1.97410437085183e-06,-2.51168485907511,0.429,0.891,0.0493012825576535
"Rps13",3.21248251677512e-06,-2.14956398095964,0.357,0.922,0.0802285383739419
"Actc1",4.13473702290159e-06,1.60832116745336,0.643,0.047,0.103260922409944
"Rps23",6.12572097674381e-06,-2.89195634645128,0.143,0.812,0.1529837556732
"Mdh2",1.21932900067792e-05,1.12701926986996,0.857,0.219,0.304515224629304
"Ptbp3",1.6209710410131e-05,1.27204586698409,0.929,0.281,0.404821307782612
"Rps6",2.06651489082344e-05,-3.37078651628447,0.143,0.719,0.516091428834245
"Myl2",2.50039419632698e-05,1.67780474396721,0.714,0.109,0.6244484465907
"Sptssa",3.37261315824392e-05,0.923557768060409,0.643,0.094,0.842276410139838
"Rpl27",3.77597504712771e-05,-3.08836272001612,0.071,0.656,0.943012008269675
"Rpl36",5.04558960329144e-05,-2.87971906927325,0.143,0.734,1
"Scaf11",6.57198111250358e-05,1.61308458846634,0.714,0.125,1
"Txnrd1",7.43351394359912e-05,1.5135247145799,0.5,0.031,1
"Rpl19",7.71738536370985e-05,-1.88856154671389,0.214,0.812,1
"Gbp2",8.53426549389843e-05,1.92190675218074,0.5,0.031,1
"Pfn1",9.57632236463008e-05,-2.14880391238474,0.5,0.875,1
"Rpl13",0.0001004992638708,-1.71489830151239,0.714,0.906,1
"Tpx2",0.000100965189796999,2.09260910257489,0.5,0.031,1
"Rps27a",0.000110542491659264,-1.87148811647751,0.5,0.875,1
"Myl3",0.000135004984738159,1.85388220153537,0.571,0.062,1
"Exoc4",0.00014483537217195,1.47607186193317,0.429,0.016,1
"Rps12",0.000159205742892592,-1.58447536375983,0.357,0.891,1
"Rps29",0.000180879779298469,-1.72549394450375,0.429,0.891,1
"Cdc42",0.000198484388734693,-0.0369530650642007,1,0.578,1
"Cyc1",0.000202880467683022,1.27453293498254,0.643,0.109,1
"Snhg5",0.000221831896821278,1.39562110830334,0.5,0.047,1
"Rps28",0.00023289855488945,-2.64772020561656,0.071,0.641,1
"Lmbr1l",0.000240825058392932,1.36568419292453,0.286,0,1
"Spc24",0.000240825058392932,1.36945128297497,0.286,0,1
"Bend5",0.000240825058392936,1.42736271845434,0.286,0,1
"Fen1",0.000240825058392936,1.30219944903885,0.286,0,1
"Letm1",0.000240825058392936,1.84651515247203,0.286,0,1
"Igkj1",0.000240825058392936,1.10684040994085,0.286,0,1
"Chchd10",0.000249398516568897,0.649038247658694,0.5,0.062,1
"Top2a",0.000333927111893206,2.13214067214833,0.571,0.078,1
"Acadl",0.000343889651985642,0.896010458952742,0.571,0.094,1
"Hbb-bs",0.000482597097033618,-2.50015652650122,0.214,0.609,1
"Rpl23a",0.0004955434175876,-2.05075161820661,0.357,0.812,1
"Phip",0.000517860512168836,1.14457026461233,0.643,0.141,1
"Fau",0.000602159199943952,-1.4411050334919,0.643,0.906,1
"Tnnc1",0.000621025390676149,1.50712699360579,0.429,0.031,1
"Map3k1",0.000636831996727091,1.54306690341737,0.429,0.031,1
"Rpl9",0.00067679750044366,-2.07232916540561,0.429,0.734,1
"Ankrd44",0.000682272889713561,1.88847903259319,0.429,0.031,1
"Rbm26",0.000687108694553221,1.73214590718481,0.429,0.031,1
"Smc2",0.000816870257216395,2.30459118414109,0.5,0.062,1
"Orc6",0.000850402562531721,1.99268791384356,0.357,0.016,1
"Sh3kbp1",0.00103188116635637,0.103429578593128,0.643,0.234,1
"Fgd2",0.00108017107268522,1.30538530008056,0.357,0.016,1
"Ifi204",0.00117716658169663,1.42985180811088,0.357,0.016,1
"Rpl17",0.00128848605500804,-1.81098083362923,0.429,0.781,1
"Lrmp",0.00130752483932314,1.30582582244889,0.5,0.078,1
"Rpl28",0.0015586165428066,-2.38852008611589,0.071,0.562,1
"Psmd7",0.00172894616261404,1.00526862694406,0.643,0.172,1
"Rps11",0.00183572351494191,-0.726396392203184,1,0.891,1
"Rpl36a",0.00184211711835225,-1.75140819643438,0.286,0.766,1
"Bod1l",0.00186753795775472,1.08789213531539,0.714,0.219,1
"Immt",0.00191550030970601,1.48673458452274,0.5,0.078,1
"Hnrnpk",0.00199074248348852,0.0428601562307116,0.786,0.375,1
"Serpinb1a",0.00201290887172586,1.52125028135838,0.5,0.078,1
"Rps26-ps1",0.0020281692696625,-2.11968218647391,0,0.344,1
"Epc2",0.00206224533507533,1.57882500981578,0.429,0.047,1
"Chchd2",0.00228334019192406,0.0685227902451606,0.929,0.547,1
"Rps18",0.00230263777253654,-1.65106874077188,0.571,0.812,1
"H2-Eb1",0.00233478951023026,1.48072019117432,0.571,0.125,1
"S100a11",0.0025188310086042,1.23171658201702,0.786,0.297,1
"Adss",0.00252515213640458,0.500050373581811,0.571,0.172,1
"Ak2",0.00253737305421531,0.814893023260029,0.571,0.141,1
"Ccar1",0.00269573241687735,1.70913143189898,0.571,0.125,1
"Rfc1",0.00272966213899359,1.69477609465059,0.571,0.125,1
"Tcerg1",0.00273562130270144,1.61599814979014,0.571,0.125,1
"Trac",0.00274260855718372,-2.9316439921178,0,0.328,1
"Dbnl",0.00276297186150868,0.98754408641311,0.5,0.094,1
"Rpl21",0.00286521386864588,-1.78646104449409,0.357,0.734,1
"Fmr1",0.00288777836085167,1.01758512221492,0.429,0.062,1
"Rpl37",0.00308932285308454,-1.43470103480186,0.5,0.875,1
"Casp8ap2",0.00314003449035506,1.1553623427916,0.429,0.062,1
"Mitd1",0.00314576705145353,0.904794988186357,0.357,0.031,1
"Lmo4",0.00327780691511299,0.479784922085618,0.5,0.125,1
"Aldh2",0.00328403243047112,1.03282718520232,0.5,0.094,1
"Rpl3",0.00334927522985495,-1.58780933616481,0.357,0.797,1
"Rpl37a",0.00340727614089334,-1.56591512330436,0.571,0.812,1
"Sell",0.00369004663874668,-2.3040135210693,0,0.312,1
"Zrsr2",0.00372374281204246,0.509659867007873,0.5,0.109,1
"Sh3bgrl3",0.00385548948099483,0.091262284320321,0.857,0.469,1
"Rpl10",0.003977690469969,-1.9727021246548,0.214,0.672,1
"Tapbpl",0.00399378591711716,0.435986895643559,0.357,0.047,1
"Usp8",0.00404651905610925,0.662399680162822,0.429,0.078,1
"Ggnbp2",0.00406960605859191,1.63433810198198,0.5,0.094,1
"Morc3",0.00408193337533809,1.51115244055744,0.5,0.094,1
"Usp1",0.00422378712628359,1.76173931175263,0.357,0.031,1
"Gm11942",0.0042306626169245,0.432238266651561,0.857,0.422,1
"Stk4",0.00446919967649526,0.587098470267206,0.571,0.172,1
"Cwf19l2",0.00447422183439417,1.32516280118645,0.429,0.062,1
"Rps17",0.00451048859822893,-2.04972777925239,0.357,0.688,1
"Fkbp3",0.0045350479066139,-0.00359006455341815,0.714,0.359,1
"Psmb6",0.00455369930307424,0.458494110088016,0.643,0.234,1
"Spop",0.00458541884295405,0.206378986994366,0.571,0.203,1
"Dek",0.00460958696843592,1.14425419178204,0.857,0.391,1
"Cks1b",0.00478912354574619,1.77221432534245,0.429,0.062,1
"Cdc42se2",0.00492348268704508,1.35976147502909,0.429,0.062,1
"Psmc5",0.00521969093031627,0.713199134715085,0.429,0.078,1
"Plac8",0.00524612445285755,0.188428694679292,0.786,0.359,1
"Bccip",0.00540425425136291,1.06710729851986,0.5,0.109,1
"Hif1a",0.00556145341336936,1.07044566326685,0.5,0.109,1
"Ftl1",0.00563823822567567,-2.03469900216847,0.071,0.5,1
"Filip1l",0.00568115268412636,0.993204260016654,0.5,0.109,1
"BC029214",0.00600852264871906,0.809647515977145,0.286,0.016,1
"Smc6",0.00603011329567721,0.492261733560263,0.571,0.188,1
"Hnrnpc",0.00606822194041796,0.876181526627842,0.786,0.328,1
"Vim",0.00610803356113454,0.0786454717665848,0.929,0.562,1
"Rp9",0.00612476436682963,0.501728164418784,0.429,0.078,1
"Prc1",0.00623707697844886,1.23494908930672,0.286,0.016,1
"Mgst3",0.00635105539505942,1.23882864490251,0.286,0.016,1
"Arl6ip1",0.00649151645956668,0.145378258721776,0.786,0.406,1
"Arhgdib",0.00650922937442318,0.91676967798788,1,0.703,1
"Uri1",0.00653168823263527,1.09388892730833,0.5,0.109,1
"Fabp4",0.00658700804066641,-3.07040153513689,0,0.281,1
"Mis18bp1",0.00662000991757354,1.28117759717223,0.286,0.016,1
"Dleu2",0.00672789238122971,0.821978126918811,0.286,0.016,1
"Rpl12",0.00685241511122726,-1.58516411206926,0.429,0.75,1
"Inpp5k",0.00689195071705367,1.30333494656566,0.286,0.016,1
"Kif11",0.00693876057130673,1.60070073257678,0.286,0.016,1
"Bcap29",0.00696253997596927,1.11898832474461,0.286,0.016,1
"Rsl24d1",0.006983133552665,1.10050289238966,0.286,0.016,1
"Clic1",0.00707795733011246,0.944657958439943,0.786,0.344,1
"Mcm4",0.00709014831401516,1.11802704832494,0.286,0.016,1
"Ptp4a2",0.00709739995845992,0.811061422931458,0.857,0.422,1
"Mb",0.00710070854694497,0.527949259654022,0.5,0.125,1
"Commd10",0.0071831343289088,0.988792980546468,0.286,0.016,1
"Npat",0.0072072542887627,1.30571014245494,0.286,0.016,1
"Sp140",0.00721649957278661,1.55905646770749,0.286,0.016,1
"Napsa",0.00728983185493658,1.32589601039141,0.571,0.156,1
"Gbp7",0.00743209905314306,1.60319946746691,0.571,0.156,1
"Ubl5",0.00788307776951536,0.107031688825932,0.714,0.344,1
"Calu",0.00789354592088015,0.801476227488549,0.357,0.047,1
"Pip4k2a",0.00811879403327152,0.938764936098433,0.429,0.078,1
"Gpx1",0.00823648995907891,0.908267342096892,0.929,0.531,1
"Mettl16",0.00828400519964712,0.835321057216054,0.357,0.047,1
"Bdp1",0.00860595625313651,1.08554085308642,0.357,0.047,1
"Krr1",0.00874076784269321,0.939330363824303,0.357,0.047,1
"Nppa",0.00883666856257111,1.02727230016862,0.357,0.047,1
"Rbm25",0.00887052688157206,1.21612107177237,0.786,0.344,1
"Diap1",0.00892860543857129,1.07015087501041,0.429,0.078,1
"Tpm1",0.00896650688278543,0.51882656363772,0.571,0.188,1
"Tpt1",0.00898148694147602,-1.22994384166123,0.643,0.875,1
"Baz1b",0.00904390831915947,0.910489425367788,0.5,0.125,1
"Tex9",0.00925155983930762,1.35187310505269,0.357,0.047,1
"Rbbp6",0.00927674917674564,0.366384304788558,0.571,0.203,1
"Ncapg",0.00930901743114923,1.12681259288944,0.357,0.047,1
"Rpl10a",0.00941649621456562,-1.9620857516807,0.214,0.578,1
"Chd1",0.00977447057744292,1.0895447027631,0.571,0.172,1
"Rpsa",0.00994215962686605,-1.39540871070239,0.5,0.75,1
"Smek2",0.00996161431379753,0.73204128408939,0.571,0.188,1
"Hint1",0.010115686081036,0.852162626039901,0.786,0.359,1
"Jtb",0.0102408571416881,1.1616646329571,0.357,0.047,1
"Ptpn6",0.010331981097003,0.818661164620661,0.643,0.234,1
"Atp5j",0.0104925377352364,0.827697520554509,0.786,0.359,1
"Set",0.0105763520807935,0.991925051787951,0.714,0.281,1
"Itsn2",0.0108865004589852,0.253061730902604,0.571,0.219,1
"Ppib",0.010933395259709,0.351781387686026,0.571,0.219,1
"Rpl6",0.0111593625001732,-1.13953138675134,0.714,0.703,1
"Fam111a",0.011248135245313,1.17774639722623,0.5,0.125,1
"Rac2",0.0114438212273839,0.79834190353303,0.857,0.453,1
"Rpl18",0.0116746468573998,-1.14323009253778,0.714,0.734,1
"Srsf2",0.0118196396624099,0.720103025476219,0.643,0.234,1
"Cox5a",0.0120669836545548,-0.247892098789189,0.643,0.359,1
"Brd2",0.0122952345468033,1.61097465448296,0.5,0.125,1
"Ctcf",0.0125326485242722,0.902827825762285,0.643,0.234,1
"Cdk11b",0.0126500735615286,0.201713362822587,0.571,0.234,1
"Ndufa11",0.0126629373686374,1.44306117180845,0.571,0.172,1
"Prkar1a",0.013257890006736,-0.0256492292792518,0.571,0.25,1
"Rps2",0.0136613403968473,-1.57618779099143,0.5,0.766,1
"Rap1b",0.0140975500247057,0.275570604316943,0.571,0.234,1
"Commd8",0.0146736635522457,1.20914096663192,0.429,0.094,1
"Slain2",0.0147904910095566,0.817424121703648,0.357,0.062,1
"Mbnl1",0.0150203869223931,-0.354395053042985,0.714,0.5,1
"Gdi2",0.0152842794765349,0.450840149370922,0.571,0.219,1
"Ccnl1",0.0155971146343579,1.34943064739573,0.643,0.234,1
"Rnf5",0.0159167416507393,0.851296182126326,0.357,0.062,1
"Cstb",0.0160245776886148,-0.0083894274583558,0.357,0.094,1
"Nfyb",0.0161435799390307,0.885543606794392,0.357,0.062,1
"Aimp1",0.0162547902258513,0.771314432235726,0.357,0.062,1
"Rpl31",0.0162796822554272,-1.56540403426718,0.357,0.734,1
"Atp5g3",0.0163287526594046,0.27210002103057,0.571,0.234,1
"Npepps",0.0164421427180745,0.400132211584161,0.357,0.078,1
"2410002F23Rik",0.0167620770339205,0.695738375412839,0.286,0.031,1
"Tkt",0.0168240939051891,0.917519723215842,0.357,0.062,1
"Nusap1",0.0168599918604892,2.04993999619481,0.286,0.031,1
"Ncf4",0.0169700084824243,1.83044475790339,0.429,0.094,1
"Ythdc1",0.0170449014151155,0.847444174194087,0.5,0.141,1
"Atpif1",0.0170785131379784,-0.00344128770793217,0.5,0.234,1
"Cd19",0.0173188289102024,1.03477619113401,0.357,0.062,1
"Zmym5",0.0174984964095702,0.8720644249732,0.286,0.031,1
"Rps10",0.0175937437553666,-0.428220511673129,0.929,0.797,1
"Cwc25",0.0178344376044399,0.709115094696611,0.286,0.031,1
"Mcts1",0.0179053312649201,0.897961535262909,0.286,0.031,1
"Iqgap1",0.017948794521348,-0.00111384085826183,0.714,0.391,1
"Cd83",0.0181406699927106,1.57293778993527,0.429,0.094,1
"Tsn",0.0182058857048921,0.987040449896292,0.5,0.141,1
"Ktn1",0.0182176779031561,-0.0959355834339704,0.5,0.219,1
"Mki67",0.018295504159406,1.83986070426987,0.429,0.094,1
"Itgb1",0.0185201766888008,0.38005784883679,0.5,0.172,1
"Mkln1",0.0187051546252419,0.941669636199462,0.357,0.062,1
"Rsrc2",0.0188449291440159,0.584384561026713,0.643,0.266,1
"Rps25",0.0192495695032511,-1.03657139381538,0.714,0.719,1
"2810417H13Rik",0.0193662697418371,0.753249560190735,0.357,0.062,1
"Zufsp",0.0194032672075033,0.875096638720324,0.286,0.031,1
"Dhx9",0.0194168404940699,0.733193850747408,0.5,0.156,1
"Map3k12",0.0194576381942431,0.702579595811639,0.286,0.031,1
"Cyba",0.0194847597629549,0.258954075907952,0.786,0.438,1
"Tnfrsf13c",0.0195584975800299,1.15977434941146,0.357,0.062,1
"Gbp9",0.0195804870601504,0.909211745970674,0.286,0.031,1
"Zcchc9",0.0196636562522711,1.01603655718735,0.286,0.031,1
"Adipor2",0.0198788694327172,1.25307511384019,0.286,0.031,1
"Pax5",0.0203298741368852,0.826466228984158,0.286,0.031,1
"Rad21",0.0205175632269885,1.4384432810895,0.5,0.141,1
"Slc30a5",0.0205843527114368,1.13844945619375,0.286,0.031,1
"Lrrfip1",0.020705356230347,0.0849100183091527,0.5,0.203,1
"Nup50",0.0207408125513435,1.5575174884999,0.286,0.031,1
"Ankrd1",0.0207564242827953,1.35860338101239,0.286,0.031,1
"Mrpl45",0.0207759684241666,0.804074461965547,0.286,0.031,1
"A630001G21Rik",0.0208327928688426,1.09936138678133,0.357,0.062,1
"Wdr82",0.0209046456890507,0.426114861688157,0.357,0.078,1
"Rad18",0.0209122073463258,0.977803349285185,0.286,0.031,1
"Ppt1",0.0210567725302626,0.91558511521984,0.286,0.031,1
"Otub1",0.0211786623074437,1.22239593082809,0.286,0.031,1
"Arid5a",0.0214083360392102,0.454925466045181,0.357,0.078,1
"Mad2l1",0.0214974459132378,0.981850219569036,0.286,0.031,1
"Ppp1r15b",0.0215214878102715,1.10926434761175,0.286,0.031,1
"Cdca3",0.0216459832591874,1.25048491078506,0.286,0.031,1
"Tmem87a",0.0217163748543116,1.40999636405439,0.286,0.031,1
"Brpf1",0.0217451360284006,1.24088372185132,0.286,0.031,1
"Rnf2",0.0218775109778401,1.05875325068899,0.286,0.031,1
"Ppia",0.0220491842971034,-1.4566249459833,0.357,0.703,1
"Ywhae",0.0220780345616458,1.23885682361837,0.643,0.25,1
"Pak1ip1",0.0220983948940922,0.995322768461403,0.357,0.062,1
"Csnk2b",0.0222025638956129,1.08152240667499,0.357,0.062,1
"Rps4x",0.0224981488911563,-1.20508134786186,0.571,0.703,1
"Samsn1",0.0226009186288094,1.3872177506032,0.357,0.062,1
"Efhd2",0.0226047455584441,1.1492195418361,0.357,0.062,1
"Clp1",0.0226621851993554,1.14601501204822,0.357,0.062,1
"Cct3",0.022664934801779,0.79223434603403,0.429,0.109,1
"Dnajc21",0.022747255914128,1.08007585717463,0.357,0.062,1
"Rcsd1",0.0227659933363176,0.838642334580824,0.429,0.109,1
"Trnt1",0.0228384095777755,1.39851592576034,0.357,0.062,1
"Hprt",0.0239810534067849,0.805478893221382,0.5,0.156,1
"Tapbp",0.02405748198548,0.484193282914965,0.5,0.172,1
"Eif1b",0.024383815507115,0.924267392940962,0.429,0.109,1
"Ndufa1",0.0244568218202035,0.840341542689734,0.5,0.156,1
"Rsrp1",0.0245482030576517,0.540287324909583,0.786,0.422,1
"Rrm1",0.0247276604446119,0.372854904586318,0.286,0.047,1
"Myl6",0.0253033834629353,-0.889775948993489,0.571,0.469,1
"Ndufb5",0.0254573867906887,0.270184226982261,0.5,0.188,1
"Bptf",0.0257328808417034,0.913625831104573,0.429,0.109,1
"Cnp",0.026046126314065,1.04091092004642,0.429,0.109,1
"Gatad2b",0.0264194623354006,0.83240155523175,0.429,0.109,1
"Il2rg",0.0266253352310946,0.93548514363941,0.714,0.328,1
"Rpl5",0.0268578515659529,-1.50659984671878,0.357,0.656,1
"Tap1",0.0270401156693952,0.346096240291418,0.286,0.047,1
"Srsf11",0.0274995778341998,-0.0502340086937516,0.571,0.312,1
"Srsf7",0.0279080561550266,0.922035630117522,0.429,0.109,1
"Mybbp1a",0.0279624077633777,0.996895659759212,0.5,0.156,1
"H2afv",0.0283215354656991,1.15241855541826,0.571,0.203,1
"Iglc1",0.0284286479283647,-0.218535986076883,0.357,0.141,1
"Psip1",0.0285924275598994,-0.0662171285363076,0.429,0.172,1
"Use1",0.0287622185383639,0.600831095355977,0.5,0.172,1
"Rpl39",0.0288858549187202,-0.673182881979423,0.786,0.672,1
"Ccdc59",0.0289392138281039,1.03968181730607,0.429,0.109,1
"Iglc3",0.0289984382971556,1.10786214578413,0.5,0.156,1
"Ttn",0.0292354215543251,0.443670280894363,0.357,0.078,1
"2610507B11Rik",0.0295121033820912,0.424190281414161,0.286,0.047,1
"Fnbp1",0.0295992359991782,0.426730266265701,0.5,0.203,1
"Fli1",0.0296265782533052,0.0117511447587246,0.429,0.172,1
"Gltscr2",0.0298493368088814,0.567660592887531,0.643,0.281,1
"Ccdc55",0.0298617206388693,1.14122520645618,0.429,0.109,1
"Cd79a",0.0300605395754622,1.15318899955125,0.429,0.109,1
"Cd24a",0.0304155721636629,1.25286907365735,0.429,0.109,1
"Tcp1",0.0305852448761676,0.629986813079945,0.571,0.234,1
"Slc25a4",0.0308112467125783,1.10869769463093,0.643,0.266,1
"Rpl35",0.0316679406042074,-1.49683988225139,0.357,0.562,1
"Tmem160",0.0320568470312545,0.122072469657641,0.5,0.219,1
"Atp5o",0.0324005684639835,0.386615376146371,0.571,0.25,1
"Atp5c1",0.0325104709406055,0.30656107903949,0.643,0.312,1
"Gm15796",0.0327685227997845,0.569684856164765,0.286,0.047,1
"Smc4",0.0328693725766217,0.50713357215521,0.714,0.344,1
"Psme4",0.0331522184217614,0.831641041511425,0.357,0.078,1
"Il4i1",0.033258376918636,0.53018185967481,0.286,0.047,1
"Cops4",0.0336380089186445,0.64402354692108,0.286,0.047,1
"Gspt1",0.0341176179472642,0.806543290756711,0.357,0.078,1
"Mtdh",0.0341833205306019,0.617378763312433,0.643,0.281,1
"Arhgef1",0.0343435056629374,0.796832712800631,0.429,0.125,1
"Cep57",0.0343856522352316,0.923945499387204,0.357,0.078,1
"Wtap",0.035426421446075,0.156201660237964,0.286,0.062,1
"Pnisr",0.0355006946748939,-0.432651997336683,0.571,0.375,1
"Isg20l2",0.0358605268163859,0.551297962221577,0.286,0.047,1
"Rif1",0.0369644127482731,0.967522832716493,0.357,0.078,1
"Myc",0.0370473014014839,0.75353385807144,0.286,0.047,1
"Clcn3",0.0371543247597103,0.579457508650996,0.286,0.047,1
"Cnot8",0.0373887029548833,0.546374675519439,0.286,0.047,1
"Anapc4",0.0375588972134308,0.717683987644174,0.286,0.047,1
"Prelid1",0.0375825633906489,0.704083451469736,0.5,0.172,1
"Rps26",0.0379720310052916,-0.606991822197767,0.714,0.953,1
"Ube2d3",0.0387019464285062,0.346224615883844,0.643,0.312,1
"Eid1",0.0389189080386232,0.48582664221263,0.357,0.094,1
"Acap2",0.0390470748441679,0.881794717818862,0.357,0.078,1
"Pds5a",0.0392185523466937,0.775506264439025,0.429,0.125,1
"Tnfrsf13b",0.0392574914604263,0.664093808993348,0.286,0.047,1
"Akap13",0.0394660377815064,0.0438408212265247,0.5,0.219,1
"Add1",0.0396882813919089,0.185272985818483,0.286,0.062,1
"Cetn3",0.0397593116936932,0.322623661250806,0.429,0.141,1
"Mak16",0.039794056082618,0.526385672884168,0.357,0.094,1
"Kin",0.0398125910267305,1.23836779580189,0.357,0.078,1
"Mrps11",0.0400648252974992,0.485927530943823,0.286,0.047,1
"Creb1",0.0402436989938002,0.736757806747174,0.286,0.047,1
"Hnrnpd",0.0403388499009729,1.19395697486057,0.571,0.219,1
"Klhl6",0.0404008801822919,1.15647847286787,0.357,0.078,1
"Fxyd5",0.0404797148553808,-1.68853677965565,0.286,0.5,1
"Angel2",0.0406952104993587,0.766852828367959,0.286,0.047,1
"Ly6e",0.0409167436676368,0.871590614051216,0.786,0.422,1
"Prdx1",0.0409682312913388,-1.67802256050243,0.286,0.484,1
"March5",0.04122328117244,0.609840205585348,0.286,0.047,1
"mt-Rnr2",0.0412853280485813,-0.731070901784111,1,1,1
"Bcl10",0.0412900635171849,0.888322666824015,0.357,0.078,1
"Galnt1",0.0417596584321067,0.880612286583176,0.286,0.047,1
"Anp32b",0.0417812862841097,0.686523553036511,0.786,0.422,1
"Rasgrp2",0.0418867809009195,0.242074326640364,0.286,0.062,1
"Sec11c",0.0419642183420712,0.0873647252788139,0.571,0.297,1
"Mir142hg",0.0423956065287392,0.698032283666051,0.429,0.125,1
"Syf2",0.0424992019823912,-0.0904834390942031,0.5,0.234,1
"Nsmce1",0.0428445969065115,0.994670338037887,0.429,0.125,1
"Sorl1",0.0429078718672111,0.861348806902164,0.286,0.047,1
"Lsm4",0.0429952548253813,0.704796593978261,0.5,0.188,1
"Sf3b3",0.0436331714578112,0.65253060588631,0.286,0.047,1
"Wdr89",0.0439026027881917,-0.357391375587438,0.571,0.375,1
"Sdhc",0.0440939217385879,1.05811126285845,0.286,0.047,1
"Svil",0.0441699339374528,0.825719284060162,0.286,0.047,1
"Cops6",0.0445659591965857,1.16295893555529,0.429,0.125,1
"Tnnt2",0.0449809526345104,0.895349351179819,0.5,0.172,1
"Sp1",0.0451998322716254,0.858677999978819,0.286,0.047,1
"Mif4gd",0.0452660800358001,1.18042136041685,0.286,0.047,1
"Cdca8",0.0453697542856586,0.943525615745082,0.286,0.047,1
"Sh3bp1",0.0453975916977222,0.770050482738804,0.286,0.047,1
"Rnf115",0.045618510342193,0.803888868278908,0.286,0.047,1
"Cd53",0.0460680516973494,-0.988840705687152,0.429,0.516,1
"Mtf2",0.0460720767272085,1.07895133534318,0.286,0.047,1
"Actl6a",0.0460810642300221,0.746418074331639,0.286,0.047,1
"Pdxdc1",0.0462332215519924,1.01210032749934,0.286,0.047,1
"Acadm",0.0462436994519362,0.81445515281346,0.286,0.047,1
"Rps7",0.0463804824888235,-0.829125479574494,0.786,0.797,1
"Gm10689",0.0464071080564948,1.40521732095685,0.429,0.125,1
"Akirin1",0.0466010777160548,1.07077874678257,0.286,0.047,1
"Ckap5",0.0468119058031097,1.10661738432113,0.286,0.047,1
"Slbp",0.0468744841819468,0.815598629436592,0.286,0.047,1
"Uqcr11",0.0469163568880343,0.928973697234551,0.429,0.125,1
"Sys1",0.0469462076500525,0.89806506711384,0.429,0.125,1
"Ms4a6b",0.0470435032826543,-1.66234243022057,0.286,0.344,1
"Shfm1",0.0472119302001363,0.429076603562918,0.714,0.406,1
"2410015M20Rik",0.0472742681780088,1.28413167632823,0.429,0.125,1
"Cpsf3",0.0474982164301067,0.992954992216246,0.286,0.047,1
"Zfand3",0.0477359015251011,0.884244612074815,0.286,0.047,1
"Inpp5d",0.0479130635665373,1.14167218471099,0.286,0.047,1
"Mfap1b",0.0480052391112397,0.921573389174478,0.286,0.047,1
"Ube2l3",0.0480753745265133,1.0052461724306,0.286,0.047,1
"Bclaf1",0.0481058563125147,0.440704587310585,0.5,0.203,1
"Mrpl28",0.0481187475467092,1.18398445433434,0.286,0.047,1
"Nip7",0.0481225906421184,1.22893600174226,0.286,0.047,1
"Txk",0.0481276610061801,1.28461731191175,0.286,0.047,1
"Snx3",0.0481365298810908,-0.162118220275753,0.429,0.203,1
"H2-Q4",0.0484623185442293,1.26890785692741,0.429,0.125,1
"Rpl27a",0.0486764983295141,-1.43220581181007,0.357,0.672,1
"Map4k4",0.0493685581742325,0.338447269369852,0.286,0.062,1
"Ppp2r5c",0.0493769187935142,0.0896349334682374,0.357,0.125,1
"Slirp",0.0494112711269853,0.625833124920588,0.357,0.094,1
"Psmb10",0.0504570989770093,0.516100910248984,0.429,0.141,1
"Trbc2",0.0507790800480852,-0.241255161304923,0.143,0.422,1
"Gch1",0.0510285769696174,0.447630687727913,0.286,0.062,1
"Ywhaq",0.0511804673816392,0.668683279100011,0.357,0.094,1
"Ikzf3",0.0517045207106917,0.662703097089514,0.357,0.094,1
"Arpc5l",0.0521750579874783,0.712751849521917,0.5,0.188,1
"Rpl34",0.0537714647916919,-1.23752131701794,0.429,0.531,1
"Clk1",0.0538096981936561,0.271128384158697,0.643,0.344,1
"Ufm1",0.0538482593950027,0.296945069645909,0.357,0.109,1
"Btg2",0.0541794804749538,-0.517192330528074,0.5,0.328,1
"Mier1",0.0543229436587584,0.556823789057574,0.429,0.156,1
"Kpnb1",0.0545768661956893,0.416450609733952,0.429,0.156,1
"Tmem256",0.0546736515568124,0.675863338005096,0.5,0.188,1
"Atp5a1",0.0548757938012185,0.939207286638969,0.571,0.234,1
"Tceb2",0.0558211073049027,0.982481516946234,0.571,0.234,1
"Gm1966",0.0559846921264944,0.48593218367482,0.286,0.062,1
"Tmpo",0.0560723647026475,0.599479747555112,0.429,0.141,1
"Csnk1a1",0.0563811868462892,0.748837227691729,0.571,0.25,1
"Cox4i1",0.0565689671553718,0.140537272148403,0.857,0.578,1
"Eif3f",0.0568683282150742,0.228406248706122,0.714,0.422,1
"Ero1l",0.0569723313015708,0.330414762167709,0.286,0.062,1
"Brix1",0.0570301789773118,0.433205969715523,0.286,0.062,1
"H3f3a",0.057073891570944,0.974553410466184,0.643,0.297,1
"R3hdm1",0.0572712637537597,0.222284532810817,0.357,0.109,1
"Arpc5",0.057551983822575,0.126624209751206,0.786,0.5,1
"Smap1",0.0576332191787972,-0.3730246345618,0.357,0.172,1
"Commd1",0.0576684196110301,0.131649918926945,0.357,0.125,1
"Tab2",0.0577025674993166,0.773737757757103,0.5,0.188,1
"Pa2g4",0.0577936913505385,0.354059131261888,0.5,0.219,1
"Rtn4",0.0580789034514209,0.713367236974568,0.357,0.094,1
"Cul1",0.0587503772066793,0.0515413934761468,0.357,0.125,1
"Rab14",0.0588030267389555,-0.0407274809620279,0.429,0.188,1
"Prkcb",0.0590465957844025,0.17575244435445,0.357,0.125,1
"Arrb2",0.0594835342548837,0.452032494295376,0.286,0.062,1
"Ctage5",0.0596334015247049,-0.257316921763318,0.429,0.234,1
"Pde4b",0.0597785039035474,0.485303841709409,0.429,0.156,1
"Wdr26",0.0599885841427154,-0.049502486332812,0.429,0.188,1
"Psma7",0.0601058769287818,0.313103576840223,0.786,0.484,1
"Trappc5",0.0603199049103968,0.394521710914033,0.286,0.062,1
"Pnrc1",0.0607585113441229,0.206305477725693,0.5,0.234,1
"Cdk4",0.0613681500816697,0.458705546027567,0.357,0.109,1
"Sf3b2",0.0617008487047501,-0.138893531497958,0.5,0.297,1
"Cnbp",0.0623005702129157,0.522870629846249,0.857,0.547,1
"Mrps21",0.0623819304023988,0.559886579278818,0.286,0.062,1
"Fcmr",0.0628531348086881,0.712272478527409,0.286,0.062,1
"Rpl41",0.063506891350244,-0.829323344100612,0.786,0.922,1
"Nsd1",0.0635737056918737,-0.0277111640150711,0.429,0.172,1
"Ewsr1",0.0637282908095793,0.459010800869924,0.286,0.062,1
"Hmgn1",0.0638919469833164,0.194604549121887,0.429,0.188,1
"Cenpe",0.0644018513367746,1.07702607675336,0.357,0.094,1
"Malat1",0.065147191752883,1.03770348768621,1,0.969,1
"Irf2",0.0659875038841908,0.705455073196676,0.429,0.141,1
"Oaz1",0.0669578278149257,-0.0734843027849621,0.714,0.469,1
"Rpl7a",0.0671286867775034,-1.47012814173533,0.357,0.625,1
"Ube2c",0.0673100876855241,1.73515238179218,0.286,0.062,1
"mt-Nd5",0.0676326117970175,-0.618225251823019,1,0.875,1
"Minos1",0.067809766414709,0.0745796266270786,0.571,0.312,1
"Dhx15",0.0678596108072784,1.0832829795318,0.357,0.094,1
"Lbh",0.0679624703678597,0.675917011335395,0.429,0.156,1
"2410006H16Rik",0.0680369440957802,-0.204222229509807,0.571,0.375,1
"Pfdn5",0.068233337738449,-0.606931191164668,0.571,0.5,1
"Birc3",0.0684762932812989,0.371957248130692,0.429,0.172,1
"Rps5",0.0686941202254295,-0.423437943086373,1,0.938,1
"Rock1",0.0691249177096545,1.10750093810985,0.571,0.25,1
"Igtp",0.0691678891621969,0.738818848126774,0.286,0.062,1
"Vcpkmt",0.0693122267647123,0.455078920469779,0.286,0.062,1
"Sh2b3",0.0693585493549074,0.522102444582414,0.286,0.062,1
"Zfp207",0.0694283402496082,0.478440337775324,0.5,0.203,1
"H1f0",0.0699764585372043,0.447516500254136,0.286,0.062,1
"Prpf40a",0.0700242465404143,0.360785856391213,0.643,0.344,1
"Srpr",0.0704493878590537,1.0697501588817,0.429,0.141,1
"Myh9",0.0706372550289894,0.332060754073866,0.5,0.219,1
"Ash1l",0.0712442046822912,0.8825505600417,0.429,0.141,1
"Ctsh",0.0713063938246202,0.556820633107853,0.286,0.062,1
"Rbx1",0.0714288512570461,0.24042633245046,0.5,0.234,1
"Lsm3",0.0715528083831312,0.433270221476512,0.286,0.062,1
"Emc10",0.0717082984647299,0.524127280701644,0.286,0.062,1
"Ndufc1",0.072501254789879,1.11830180837502,0.429,0.141,1
"Nemf",0.0725339368416939,1.09902180586232,0.429,0.141,1
"Caprin1",0.0740100717552735,0.418305921547066,0.429,0.156,1
"Phf3",0.0745101867315666,0.22688220816966,0.357,0.125,1
"Twistnb",0.0751216523262915,0.543755231839682,0.286,0.062,1
"Zmat2",0.0751900364707894,0.517427618306522,0.357,0.109,1
"Smn1",0.075769848155778,0.521757205086667,0.286,0.062,1
"Glipr2",0.0758600509399994,0.747649904661157,0.286,0.062,1
"Myo5a",0.0766183093522808,0.623667222110532,0.286,0.062,1
"Nhp2",0.0768284517335805,0.643952792320099,0.286,0.062,1
"Sh3glb1",0.0777981405438021,0.622579792931042,0.571,0.266,1
"Cdc5l",0.0779698986178946,0.488995803474144,0.429,0.156,1
"Phgdh",0.0782255490041214,0.753710057675945,0.286,0.062,1
"Lsm14a",0.0787468543248985,0.381336629595216,0.286,0.078,1
"Gem",0.0789481663547823,1.29814617615431,0.286,0.062,1
"Ppp3cb",0.0792104660373774,-0.0348430256574744,0.286,0.094,1
"Trappc6a",0.0794992397525899,0.287959981829925,0.286,0.078,1
"Zmiz2",0.0796490587007127,0.183193044963389,0.286,0.078,1
"Sirt7",0.0798134085624325,0.597440931397631,0.286,0.062,1
"Os9",0.0798208990307463,0.706122601839555,0.357,0.109,1
"Sept2",0.0801250679182376,0.577657091340396,0.357,0.109,1
"Ube3a",0.0801746179804384,0.665837008573626,0.357,0.109,1
"Mndal",0.0804070248213453,-0.595641989666361,0.5,0.406,1
"Atp6v0e",0.0807345701185507,-0.0619160901861222,0.5,0.266,1
"Tagln2",0.0808748794553121,0.346491622321866,0.786,0.516,1
"Rpl18a",0.081007753696211,-0.908429213606782,0.643,0.875,1
"Arpp19",0.0810796645351546,1.23463522565033,0.5,0.203,1
"Lars",0.0811922598276851,0.882120125231119,0.286,0.062,1
"Fam65b",0.0814623246895195,0.333155621622407,0.357,0.109,1
"H2afx",0.0817737675612395,2.0003352574753,0.286,0.062,1
"Mrpl40",0.0818164885106448,0.561123002252149,0.286,0.062,1
"Fam96a",0.0820441456000017,0.614986041897173,0.429,0.172,1
"BE692007",0.0823307961914744,0.9935542200536,0.286,0.062,1
"Mapre1",0.0824979708941913,0.0736146034884047,0.429,0.188,1
"Wbp11",0.0825138182700372,0.651528639997079,0.357,0.109,1
"Txnip",0.0830302165990503,-0.763148861358244,0.357,0.25,1
"Pim1",0.0835737611164068,-0.211579757043863,0.643,0.422,1
"Atox1",0.0836163092683359,0.0810938154393728,0.5,0.25,1
"Ywhag",0.0840849661742194,0.0220203113079085,0.286,0.094,1
"Cnot7",0.0844943868771695,0.27837791223525,0.286,0.078,1
"Trim8",0.0845036921085937,0.891226277359767,0.286,0.062,1
"Limd2",0.0846218782525288,0.276691719709115,0.643,0.359,1
"2210016L21Rik",0.0848807693524134,1.09871841339928,0.286,0.062,1
"Smarca5",0.0849477707525577,0.2494216202688,0.5,0.234,1
"Fabp3",0.0850625872724573,0.801232852854537,0.286,0.062,1
"Ccz1",0.0851539873127748,1.21055534940438,0.286,0.062,1
"Nop56",0.0853268900112099,0.0891303012110645,0.357,0.156,1
"Atrx",0.0857854954341517,0.743546207533884,0.714,0.391,1
"Sod2",0.0860905028612203,0.915873149460995,0.286,0.062,1
"Psmc3",0.0861016661149176,0.5214343480715,0.357,0.109,1
"Nfkbiz",0.0862544296501339,-0.475042332388205,0.286,0.125,1
"Prim1",0.0862927983159936,1.1371409200255,0.286,0.062,1
"Magt1",0.08643147494319,1.10173372570504,0.286,0.062,1
"Myh6",0.0867191755239875,0.589886765037983,0.429,0.156,1
"Rps8",0.0867201827323192,-0.806277446965409,0.714,0.875,1
"Osbpl9",0.0869245308227962,0.821389174688405,0.286,0.062,1
"Rsbn1l",0.0869371968776769,0.0860948468789915,0.5,0.266,1
"Gm4759",0.087216191459836,1.2758061359409,0.286,0.062,1
"Rpa2",0.0874386183588055,1.02761554446925,0.286,0.062,1
"Kdm7a",0.0874459078940457,1.10142038791667,0.286,0.062,1
"Atg12",0.0875427516359876,1.32548791367044,0.286,0.062,1
"Mrpl13",0.08763473049867,0.943320255530479,0.286,0.062,1
"Stoml2",0.087659188146848,1.01201253816348,0.286,0.062,1
"Rps6kb1",0.0876735311910908,0.943892549731953,0.286,0.062,1
"Eif1",0.0880656111739055,-0.475875635234337,0.857,0.719,1
"mt-Cytb",0.0887755504586244,-0.610393081166864,1,1,1
"Gm8995",0.0889229508429285,0.485647614395182,0.714,0.406,1
"Akap9",0.0889376907264382,0.81910860294205,0.429,0.156,1
"Fuca1",0.0892814050390477,0.329455298921591,0.286,0.078,1
"Supt16",0.0892974171892733,0.307267951239228,0.429,0.172,1
"Stx4a",0.0896290497341668,0.363133780136413,0.286,0.078,1
"Yy1",0.0897852936559772,0.735088909543123,0.429,0.156,1
"Mycbp2",0.0900077960888763,0.800315063994665,0.5,0.203,1
"Luc7l3",0.0900636534899823,-0.401988533993007,0.429,0.297,1
"Copb1",0.0900918412646985,0.342766826056266,0.286,0.078,1
"Atp1b3",0.0901719598474013,-1.12337519753387,0.429,0.344,1
"Ppil4",0.0905693551711288,0.731440969681222,0.429,0.156,1
"Nop58",0.0905940687316637,0.973525392566491,0.5,0.203,1
"Ndufb6",0.0906696878593461,-0.212207223206248,0.357,0.172,1
"Lamp2",0.0908081756968905,0.312242307423579,0.286,0.078,1
"mt-Nd2",0.0910589720331384,-0.858802863777926,0.857,0.891,1
"Eif3h",0.091502393555329,0.354240483383444,0.643,0.422,1
"Cox8a",0.0929747015996317,0.232092703955938,0.714,0.469,1
"Efr3a",0.0933728346380897,0.400774380756273,0.357,0.125,1
"Hsp90aa1",0.0933811547438428,-0.312694120482274,0.643,0.422,1
"Ilf2",0.0935334310882497,0.313686452597609,0.357,0.125,1
"Ier2",0.0936824724905147,-0.595363208552353,0.571,0.469,1
"Smchd1",0.0941488711274572,0.901688252945108,0.429,0.156,1
"Eif3e",0.0942035817020747,-0.347670409568645,0.5,0.328,1
"Ywhah",0.0944711070136465,0.746082115326237,0.429,0.156,1
"Ptpn2",0.0945587011592479,0.331897961459999,0.357,0.125,1
"Ppp1r12a",0.0947853025514196,0.0127561535710168,0.429,0.203,1
"Ywhaz",0.0948452575721654,0.71753573017974,0.643,0.328,1
"Vps4b",0.0949114411669688,0.217776751162138,0.357,0.141,1
"Psmc4",0.0950223198911389,-0.263337621084875,0.286,0.125,1
"Rac1",0.0957590869884366,-0.305390865318062,0.5,0.375,1
"Matr3",0.0958303772653095,0.816246622991232,0.571,0.266,1
"Got1",0.0958564057961555,0.290339402260796,0.286,0.078,1
"Safb",0.0959159108828476,0.250701850615476,0.429,0.188,1
"Cfl1",0.096671642671845,0.115304213548059,0.786,0.531,1
"Etf1",0.0968980556621894,0.489018480983986,0.357,0.125,1
"Serf2",0.0971974109910468,-0.223493106777779,0.571,0.406,1
"Rps15a",0.0974451800852432,-0.805296793058567,0.714,0.891,1
"Git2",0.0983186802906953,0.345580549457435,0.357,0.125,1
"Bri3bp",0.0984518035871003,0.384531423422437,0.286,0.078,1
"Cwc15",0.0987307021144329,0.451638238462398,0.357,0.125,1
"Adgre5",0.0987699228441901,0.919179652022292,0.357,0.109,1
"Blk",0.0989728950228995,0.547783783850766,0.286,0.078,1
"Gm37376",0.0989750948203784,0.246465346203777,0.357,0.125,1
"Junb",0.0994410174660106,-0.469579864132051,0.786,0.641,1
"Bzw1",0.0996059520957793,-0.0362699899922689,0.5,0.266,1
"Tnrc6a",0.0996453565646467,0.437235902624595,0.357,0.125,1
"Atf4",0.0997248309091044,0.482644308909682,0.571,0.297,1
"Cope",0.0997293619001826,0.369362993382147,0.357,0.125,1
"Pcmt1",0.100168099256914,-0.0998979841981744,0.357,0.172,1
"Snrpd2",0.101282977115563,0.577895588313458,0.429,0.172,1
"Syk",0.101402203911285,0.653276811008735,0.5,0.219,1
"Rps3a3",0.101616779272696,-1.39071293074288,0.071,0.328,1
"Snrpb2",0.10181427769555,0.655099437076886,0.357,0.109,1
"Drap1",0.102149181384977,1.0884968075621,0.429,0.156,1
"Map2k2",0.102726302034476,0.531628040819204,0.429,0.172,1
"Ppp1cb",0.103093583907879,1.03536182477935,0.429,0.156,1
"Eif4g2",0.103268887555609,0.652178975030062,0.571,0.281,1
"Ezr",0.103475731672291,0.00759278779881067,0.5,0.281,1
"Sdhb",0.103632238148503,0.12647862229832,0.5,0.25,1
"AI662270",0.103866350825716,0.159849446877815,0.357,0.141,1
"Sub1",0.104582758198993,0.875659475102569,0.857,0.578,1
"Psmb2",0.105216891599621,-0.411050693658501,0.357,0.203,1
"Hnrnpm",0.10697295488872,0.273222121964007,0.714,0.453,1
"Eps15",0.107696036072933,-0.290300465929545,0.357,0.188,1
"Hnrnpr",0.108364691103192,0.0718599815785339,0.357,0.141,1
"Ep300",0.108722454645961,0.426672619091272,0.286,0.078,1
"Rpl37rt",0.110928488120754,-1.00616633463497,0.429,0.531,1
"Slc25a3",0.110955621929779,-0.105282048165369,0.571,0.375,1
"Pak2",0.111985778709576,0.255048992407328,0.5,0.25,1
"Sept7",0.112168811618704,-0.201762097905057,0.571,0.391,1
"Zfp706",0.112972470931069,-0.203778152193135,0.429,0.25,1
"1810037I17Rik",0.11318766318829,0.158891282872865,0.5,0.25,1
"Eef1g",0.113279747730057,-0.288672000446837,0.571,0.422,1
"Eef1b2",0.113411565639346,-0.383427794477841,0.643,0.578,1
"Sptbn1",0.113426182699979,-0.927396226017066,0.286,0.25,1
"Sipa1",0.113446995699506,0.824074875222371,0.357,0.125,1
"Hnrnpul2",0.113455965095114,-0.232118078622546,0.357,0.172,1
"P4hb",0.113729852614084,-0.0922901362798243,0.357,0.172,1
"Msn",0.113802967662235,-0.177866157989355,0.571,0.391,1
"Pbrm1",0.113921198256168,0.359360080197468,0.357,0.125,1
"Yme1l1",0.114438764367458,0.610652347907655,0.357,0.125,1
"Gmfg",0.114465134575126,-0.12574980986285,0.571,0.359,1
"Nipbl",0.114610099481188,-1.39969391867653,0.286,0.344,1
"Eif5b",0.115503560525577,-0.179324986300661,0.643,0.422,1
"Trappc4",0.115725121982024,0.613261526954663,0.286,0.078,1
"Snw1",0.116759370425176,-0.07401470789694,0.429,0.203,1
"Rps21",0.117382519846402,-0.0980216326567227,0.929,0.781,1
"Larp4b",0.117646488005359,0.223521041357517,0.357,0.141,1
"Chd4",0.117756982894781,0.677732253396476,0.643,0.344,1
"Naa15",0.118091252651099,0.902135153272869,0.5,0.219,1
"Rabgap1l",0.119215805168214,-0.339827601758702,0.286,0.109,1
"Tiprl",0.11939570676132,0.000328848342154631,0.357,0.156,1
"Mphosph10",0.12026663394395,0.623872360473048,0.286,0.078,1
"Psme2",0.120740495439766,-0.930035110522779,0.429,0.391,1
"Prrc2c",0.120769563400191,1.17330167107812,0.714,0.422,1
"D17Wsu92e",0.120969674763891,0.905375730430543,0.286,0.078,1
"Nap1l1",0.121449673387012,0.488181761703371,0.571,0.297,1
"Ociad1",0.121708420946354,0.553772946069351,0.429,0.172,1
"Fxr1",0.121741084116909,0.625541213297338,0.429,0.172,1
"Srrt",0.121761799851931,0.220254312652049,0.429,0.203,1
"Ddx1",0.121813076809577,-0.0765055276530704,0.286,0.109,1
"Capza2",0.121910319799131,0.284482506439475,0.5,0.25,1
"Ncor1",0.122041143680621,0.128516320080254,0.5,0.266,1
"Taf1d",0.122100794844692,0.944866483878126,0.5,0.219,1
"Nrm",0.122195824747256,0.579656925084568,0.286,0.078,1
"Rpl8",0.12291748075015,-0.646109402251008,0.929,0.922,1
"Cabin1",0.123663055954969,0.660840094547474,0.286,0.078,1
"Gpr171",0.12468136379636,-0.625285516561871,0.286,0.156,1
"Serinc3",0.124950141842347,-0.273364190553946,0.571,0.375,1
"Psap",0.125041986844519,-0.805337349325365,0.429,0.297,1
"Dync1i2",0.125583795276143,0.315949007174645,0.429,0.188,1
"Zfp945",0.125867844700424,0.738164690651972,0.286,0.078,1
"Serp1",0.12655774051282,0.680324354494601,0.571,0.281,1
"Dnajc8",0.126620496396434,-0.239849637187547,0.429,0.25,1
"Cd79b",0.126797409919304,0.700512584468806,0.5,0.25,1
"Esd",0.127301354203024,0.289446817572773,0.357,0.141,1
"Tle3",0.127615095682538,0.7442287381343,0.286,0.078,1
"Fam103a1",0.128134796585628,1.05485879242035,0.286,0.078,1
"Mpc2",0.128683209219336,0.189259006901264,0.357,0.156,1
"Trip12",0.128734831001085,0.122695531597202,0.286,0.094,1
"Cox5b",0.129304381349979,-0.216755985887888,0.5,0.312,1
"Txndc5",0.130039395143347,0.78410324161623,0.286,0.078,1
"Tbca",0.130086440271398,0.229324492110988,0.429,0.203,1
"Stxbp2",0.130169530574709,0.667734285466616,0.286,0.078,1
"Baz2b",0.130679836723068,0.797556942456409,0.429,0.172,1
"Hadha",0.130835229881904,0.229793800266561,0.357,0.141,1
"Cebpz",0.131755998047538,0.176768566126829,0.357,0.156,1
"Etfb",0.131902611798794,0.248514662090529,0.357,0.141,1
"Cwc22",0.132042521771848,0.475523057657486,0.643,0.359,1
"Gnai2",0.132072364262433,-0.0244197628150928,0.714,0.484,1
"Ccdc88a",0.133156038861037,0.958286767307905,0.286,0.078,1
"Ubb",0.13364869291863,0.901827314379609,0.714,0.422,1
"Wnk1",0.134821947329625,0.133675191520645,0.357,0.156,1
"Sema4d",0.135291953231722,0.832630894556181,0.286,0.078,1
"Ndufc2",0.135816259734873,0.355596339989888,0.429,0.188,1
"Ms4a1",0.13601677550302,0.598304854923164,0.5,0.234,1
"Cib1",0.136128202106631,0.63493919971222,0.357,0.125,1
"Capns1",0.136259007125935,-0.737139377122583,0.286,0.25,1
"Ngfrap1",0.136317772024761,0.726501213181647,0.286,0.078,1
"Gm11478",0.136480344324469,-1.02126514251029,0.357,0.422,1
"Sp100",0.136523849690351,-0.097553876486919,0.571,0.375,1
"Gimap9",0.1365276824855,-1.78579808896898,0.071,0.281,1
"mt-Nd1",0.136882235154931,-0.503030311987572,1,0.953,1
"Dda1",0.137150662333891,0.33105479823768,0.286,0.094,1
"Stk10",0.137429391542496,0.689858876998206,0.286,0.078,1
"Elovl5",0.137977250717195,0.818878954079923,0.286,0.078,1
"Klf6",0.138054833331969,-1.1972712681093,0.286,0.391,1
"Cybb",0.138605366423277,1.62637489172572,0.357,0.125,1
"Dut",0.138914286275355,1.48733111583852,0.286,0.078,1
"Brd7",0.139401781573975,0.60520552711899,0.357,0.125,1
"Usp25",0.139907067810712,0.910263770235915,0.286,0.078,1
"Gm9800",0.140287629786466,1.50794821501857,0.357,0.125,1
"Rock2",0.140729172505959,0.914402463745177,0.429,0.172,1
"Eml4",0.140793316086768,1.16343444829326,0.286,0.078,1
"Uba5",0.141174427221578,1.05715206055793,0.286,0.078,1
"Ssr2",0.142230324917102,0.150320866747657,0.357,0.156,1
"Ubap2l",0.144471652751424,-0.416140307255339,0.286,0.156,1
"Anxa1",0.144652945952797,2.77361333252634,0.286,0.109,1
"Mtpn",0.146454946613996,0.118346161402329,0.429,0.234,1
"Ncf1",0.146481759997264,0.735547155459328,0.357,0.125,1
"Rhoa",0.146568612645857,0.309536440448047,0.5,0.266,1
"Brd4",0.14682531524975,1.13295586944311,0.357,0.125,1
"mt-Nd6",0.146903978953082,-0.225693483228089,0.429,0.281,1
"Rbbp7",0.147013479901997,0.302210972039477,0.5,0.266,1
"Mrpl18",0.147075895938001,0.0720868462768673,0.429,0.219,1
"Eif4a3",0.147140938012142,0.0102933058007135,0.357,0.172,1
"Gm10076",0.147447519130123,-0.458860269618534,0.429,0.297,1
"Swi5",0.148623487661594,0.840696317378449,0.357,0.125,1
"Krcc1",0.148764572886226,0.427494060817929,0.286,0.094,1
"Safb2",0.149207206188869,1.0294732393598,0.357,0.125,1
"Pcbp2",0.149443602948503,0.576872752618387,0.571,0.312,1
"Rab10",0.149565735194669,1.04029140620279,0.357,0.125,1
"Spcs2",0.149588448763619,-0.598450579711583,0.429,0.312,1
"Cxcr5",0.1497232579527,0.463005870263334,0.286,0.094,1
"Hmha1",0.149748766433721,-1.44336796882247,0.143,0.312,1
"Grn",0.149843346756755,0.529802025995058,0.286,0.094,1
"H3f3b",0.149973563203546,0.119603795803085,0.857,0.625,1
"Llph",0.150218726309611,0.3621121007998,0.286,0.094,1
"Suco",0.150718141435538,-0.222737279240877,0.286,0.125,1
"Nucks1",0.15080148207289,0.475414995631869,0.571,0.312,1
"Eef2",0.151157004602226,-0.236662592323578,0.714,0.562,1
"Nek7",0.151848636798373,-0.101403444954709,0.286,0.109,1
"Tomm70a",0.152179828097092,0.534026859232887,0.286,0.094,1
"Srsf5",0.152217230424541,-0.350377916700805,0.5,0.391,1
"Rars",0.154037319564458,0.469424231666972,0.286,0.094,1
"Rps10-ps1",0.154061003231233,-0.0366514825420814,0.357,0.203,1
"Casp8",0.154387097275565,0.533656681652794,0.286,0.094,1
"Mrpl53",0.155004359165591,0.137068568416475,0.286,0.109,1
"Micu2",0.155047888362289,0.486629690640142,0.286,0.094,1
"Thrap3",0.155367486254628,0.769684429183085,0.5,0.234,1
"Ghitm",0.155502122632538,0.459575080477129,0.286,0.094,1
"Ndufa10",0.156112440587609,-0.0751806850310637,0.357,0.172,1
"Anxa2",0.156318540739346,1.25764005193524,0.5,0.234,1
"Tnni3",0.156498905852199,0.32051611945723,0.286,0.094,1
"Mllt10",0.15672918745141,0.566406675649286,0.286,0.094,1
"Pcf11",0.157286257212018,0.513918336388267,0.286,0.094,1
"Gabarap",0.157837017730612,0.126966086432488,0.429,0.234,1
"Cox6b1",0.15846711938348,0.895919599614835,0.5,0.234,1
"Celf1",0.16067690634129,0.456665052438483,0.429,0.203,1
"Mgea5",0.160979021052028,0.540351204313879,0.357,0.141,1
"Npc2",0.161536194559779,-1.12445763146538,0.286,0.422,1
"Man2b1",0.161558299317794,0.437086128804767,0.357,0.141,1
"Emg1",0.162303126276834,-0.045731027466388,0.286,0.125,1
"Msl2",0.162479451191738,0.219806830824769,0.286,0.109,1
"Ccr7",0.162543325745695,-1.63102451385718,0.214,0.281,1
"Calm1",0.163359938732692,0.195205806635718,1,0.844,1
"Itgb7",0.163392032385749,-1.68241849568091,0.071,0.281,1
"Snx5",0.164826373581572,0.190855540715257,0.429,0.234,1
"Ndufs6",0.165091040217446,0.169751930195182,0.357,0.172,1
"Sf3b5",0.165394940643208,0.402958677830009,0.357,0.141,1
"Rpl32",0.165582242616801,-0.305411953536268,1,0.969,1
"Eif3c",0.167138852555745,-0.050297441668957,0.571,0.375,1
"Ccnl2",0.16767658995094,0.483545666066517,0.5,0.25,1
"Fcf1",0.168807284441335,0.145903817283243,0.286,0.109,1
"Usp34",0.168902285714412,-0.108963729729342,0.286,0.109,1
"Ndufa8",0.169241203178575,0.264726869253955,0.357,0.156,1
"Rps24",0.169633396942137,-0.357066174141782,1,0.953,1
"Rps15",0.169885119594541,-0.42618924160595,0.857,0.812,1
"Gnb2l1",0.170041380184835,-0.0187895865792704,0.929,0.75,1
"Ndufs2",0.170764896372881,0.271003261995671,0.286,0.109,1
"Psmd12",0.172393936956886,0.164275329284533,0.429,0.219,1
"Srgn",0.172853440808247,-0.98707699901526,0.714,0.75,1
"Elf1",0.172918105063387,-0.0110240347828507,0.571,0.375,1
"Il7r",0.173339263518627,-0.726218722124932,0.071,0.266,1
"Uqcrq",0.173455299247756,-0.239393979673886,0.571,0.422,1
"Hsp90b1",0.173466391703716,-0.0603602922177133,0.786,0.562,1
"Hexim1",0.173923741295136,0.00658969593423309,0.286,0.109,1
"Ralgps2",0.174169102647043,0.52871859503505,0.357,0.141,1
"Stk17b",0.174639768357067,-0.032176824985731,0.214,0.391,1
"Cd47",0.174761202064866,0.208421978014317,0.643,0.406,1
"Rsf1",0.175209181224406,0.433718750295883,0.357,0.141,1
"Cast",0.175858081177105,0.318466440136526,0.357,0.156,1
"Hspa5",0.175999215052521,-1.59045399504995,0.429,0.516,1
"Fam133b",0.177365854550765,0.737036459395156,0.429,0.188,1
"Canx",0.177462715335603,0.00120968479064087,0.571,0.375,1
"Cfdp1",0.177684635124041,0.436617160764848,0.357,0.141,1
"Anp32e",0.178028399104951,0.395469355026933,0.5,0.266,1
"Dnmt1",0.179119312250918,0.566300468646527,0.286,0.094,1
"Atxn10",0.179440972062519,0.497366215333707,0.286,0.094,1
"Kmt2e",0.179519975431007,-0.441708405254223,0.5,0.375,1
"Sepw1",0.180929259934079,-0.326684360542519,0.357,0.25,1
"Papola",0.181159027792631,-1.48392407014036,0.143,0.328,1
"Becn1",0.181236740967366,0.417573616295052,0.286,0.094,1
"Reep5",0.183328748450513,0.278814972956642,0.357,0.156,1
"Hnrnpl",0.183475789828037,0.619359132535269,0.429,0.203,1
"Abi1",0.184616076263096,0.195170632064083,0.286,0.109,1
"Smc1a",0.185153412395152,0.681685564746389,0.429,0.188,1
"Ccdc12",0.185191880106609,0.486528387956018,0.286,0.094,1
"Tpr",0.186487127264152,0.867095979224663,0.643,0.391,1
"Cct6a",0.187059693896325,-0.024090313000745,0.286,0.125,1
"Btf3",0.187128811749428,-0.133409394547961,0.5,0.344,1
"Peli1",0.18778893180907,-0.0953760867989899,0.286,0.125,1
"Arf6",0.188558360898939,0.435557691967549,0.429,0.203,1
"Bin1",0.189016868111391,0.562458508171637,0.357,0.141,1
"Uqcrc1",0.189381391775636,0.586178099328371,0.286,0.094,1
"Ubxn4",0.189787149251286,0.476050835577662,0.357,0.141,1
"Igkc",0.190224740872019,1.06161764450201,0.5,0.266,1
"Diap3",0.190779878490174,0.483626220035539,0.286,0.094,1
"Ikzf1",0.190968060582155,0.784724337201537,0.357,0.141,1
"Birc5",0.192033629894077,0.572247389939502,0.286,0.094,1
"Ighm",0.19204626811554,0.947687637623064,0.571,0.312,1
"St13",0.192324418890501,0.266052244508077,0.429,0.219,1
"Samhd1",0.193299229859503,1.12683918415466,0.571,0.328,1
"Rbm27",0.194396131644274,0.224445417159582,0.357,0.156,1
"Brcc3",0.194817500350226,0.643379979085106,0.286,0.094,1
"Gm1821",0.195027202801883,-1.32994755613623,0.143,0.359,1
"Cpne3",0.19534865834701,1.39713426779114,0.357,0.141,1
"Lmnb1",0.195842683755045,0.592748589304491,0.286,0.094,1
"Pgls",0.196634798473161,-0.278375807106651,0.357,0.219,1
"Psmc1",0.19677154074003,0.23215869824377,0.286,0.109,1
"2810474O19Rik",0.196848603716983,0.741104940136733,0.357,0.141,1
"Ube2a",0.197689075559489,0.158116393532962,0.286,0.109,1
"Med17",0.197893724028852,0.748614060919943,0.286,0.094,1
"Tra2b",0.198090860902774,0.297137472378081,0.5,0.281,1
"Txndc17",0.198092118097554,0.803695335553532,0.286,0.094,1
"Usp15",0.198120910960057,1.05027676634844,0.286,0.094,1
"1110001J03Rik",0.199259248646251,0.716318719991598,0.286,0.094,1
"Rheb",0.19958751057803,0.249559761814077,0.357,0.172,1
"Ywhab",0.200083208548709,0.0515655920205762,0.571,0.359,1
"Snhg12",0.200262732297483,0.661304921853941,0.286,0.094,1
"Gabpb2",0.200275377842718,0.993945101760146,0.286,0.094,1
"Pnn",0.201528555594292,0.40832815594473,0.643,0.391,1
"Sec62",0.20158546499156,-0.653334744561081,0.357,0.281,1
"Ndufa2",0.202334473926657,0.42970827252062,0.5,0.281,1
"Rp2",0.2030733999438,0.782799690007539,0.286,0.094,1
"Gm8730",0.203657754619082,-0.434785948482203,0.286,0.188,1
"Tardbp",0.20386153898838,-0.124283329916022,0.429,0.328,1
"Ppp2r2a",0.203986155491236,0.873041234734384,0.286,0.094,1
"Rpl23",0.204549653405868,-0.679725898510354,0.571,0.797,1
"Rexo1",0.204666125368875,0.789061711531119,0.357,0.141,1
"Ezh2",0.204708462186625,0.92757596586565,0.357,0.141,1
"Mef2c",0.204759870340176,1.0028654149187,0.357,0.141,1
"Snhg8",0.204769769666782,0.972516342967934,0.357,0.141,1
"Uqcrh",0.205902365575416,-0.0603683497738836,0.643,0.453,1
"Gm12696",0.206081937538706,0.771827219610059,0.286,0.094,1
"Cuta",0.206961827597456,-0.273502307519698,0.286,0.156,1
"Crebrf",0.207033717089095,-0.00447731938253626,0.286,0.141,1
"1700020I14Rik",0.207651702488552,0.907616626452165,0.286,0.094,1
"Snrpa1",0.208108653395915,-0.0716301314378154,0.286,0.125,1
"Cnn2",0.208599198408293,0.429686276616797,0.571,0.328,1
"Cd3g",0.209013893526204,-1.14594912994873,0.143,0.375,1
"mt-Nd4",0.20943249339148,-0.616115650006845,0.786,0.844,1
"Smc5",0.209877440345159,0.180713694322914,0.286,0.109,1
"Eprs",0.210917796023704,-0.388569413226365,0.357,0.25,1
"Pfdn4",0.21219229950214,-0.00711516215223562,0.286,0.125,1
"Ndufa4",0.212755286672646,0.0611060773064245,0.571,0.375,1
"Mzb1",0.212796324566054,0.214069933935001,0.286,0.125,1
"Dnm1l",0.213640387810085,0.195650397474214,0.357,0.172,1
"Fbxw2",0.213786454371067,0.22209233624543,0.286,0.109,1
"Luc7l2",0.213916094312913,0.0133078643523321,0.571,0.375,1
"Arf1",0.214108268737869,-0.770777158476147,0.286,0.266,1
"Nxf1",0.214121454757976,0.15918386759585,0.286,0.125,1
"Polr2g",0.215042071812851,-0.0619411407503871,0.286,0.125,1
"Zfp36l1",0.216624075315336,0.381607362553117,0.571,0.344,1
"Tax1bp1",0.217990848981065,-0.474068959174183,0.571,0.469,1
"Srrm1",0.218306887251341,-0.380966755070667,0.429,0.297,1
"Iws1",0.218356784788676,0.0798344031510341,0.286,0.125,1
"H2-Ab1",0.219148723764179,0.782399246664162,0.429,0.203,1
"U2surp",0.219513899855539,0.152506539587363,0.357,0.188,1
"Iglc2",0.220193911703248,-0.0852961568915052,0.357,0.203,1
"Gnb2",0.221340842924295,-0.232414973192201,0.429,0.312,1
"Ubl3",0.221563507703081,0.156419929255089,0.429,0.234,1
"Birc6",0.222388483124637,-0.647450777571442,0.286,0.219,1
"Hnrnpu",0.222529231648235,-0.0221598429607979,0.286,0.125,1
"Uimc1",0.223340722490155,-0.267349962945258,0.286,0.172,1
"Hmgb2",0.225183712749738,0.311461933766088,0.571,0.328,1
"Dnajc7",0.226649211709348,0.713241324785078,0.429,0.203,1
"Ifitm3",0.227761028316614,-0.341392661892759,0.286,0.141,1
"Stk38",0.228381546923272,-0.287360476722077,0.357,0.219,1
"Ccdc174",0.228772954254724,0.260437562270344,0.286,0.109,1
"Tceb1",0.229656438255997,0.0188579927404908,0.429,0.234,1
"Gsk3b",0.229773759171514,0.285966154701243,0.357,0.172,1
"Myl12b",0.230165685044614,0.0116607471378178,0.714,0.5,1
"Atp5f1",0.231275709293203,-0.0407987818564526,0.5,0.328,1
"Phf20l1",0.232060121423519,0.630671105521045,0.429,0.203,1
"Snx4",0.232365187194003,0.386407722879707,0.357,0.156,1
"Rpl15",0.232611637967671,-0.83581097649467,0.357,0.422,1
"Srsf10",0.232621926055127,0.319316591666546,0.357,0.172,1
"Rpl7l1",0.233609677792686,0.424486142375954,0.286,0.109,1
"Fip1l1",0.234208524953874,0.357722684861602,0.357,0.172,1
"Nub1",0.23482782440107,0.145191749706756,0.286,0.125,1
"Smdt1",0.236099324305736,-0.733437100586918,0.286,0.25,1
"Supt4a",0.236287984419394,-0.30779795014332,0.286,0.188,1
"Aldoa",0.23842304092168,0.240647739169215,0.429,0.234,1
"Zfp148",0.240021913475961,0.288362264101537,0.357,0.172,1
"Myo1g",0.241231882732613,0.118651852597171,0.286,0.125,1
"Psmb9",0.24211724995504,-0.193946926268936,0.357,0.219,1
"Gps2",0.242296242568731,0.593849890566101,0.286,0.109,1
"Serinc1",0.243803817364896,-0.0498296278919363,0.286,0.141,1
"Dnttip2",0.243839165316974,0.291888812532781,0.357,0.172,1
"Brd8",0.24397844317426,0.0545656045636662,0.286,0.125,1
"Setd2",0.245630038438339,-0.231070703194919,0.286,0.141,1
"Tubb5",0.246243315473374,1.40327153894705,0.571,0.375,1
"Pttg1",0.24730985077918,0.160365145953203,0.286,0.125,1
"Sparc",0.247856335094319,-1.71066094595569,0.143,0.266,1
"H2afy",0.24792635566981,1.41988646841597,0.357,0.172,1
"Lgals9",0.248052268688141,0.115877818133112,0.286,0.141,1
"Gpr183",0.248111076511313,0.306922330334723,0.357,0.172,1
"Foxp1",0.248743574844476,0.748346546874648,0.5,0.266,1
"1110004F10Rik",0.249741464918907,0.605354284601969,0.357,0.156,1
"Thoc7",0.24986367712088,0.21484498223057,0.357,0.188,1
"Slc6a6",0.249928666092054,0.50617528891702,0.286,0.109,1
"Pafah1b1",0.250944055009294,1.13232421624317,0.429,0.219,1
"Larp7",0.251139987403313,0.582481904558892,0.357,0.172,1
"Ifnar1",0.251262504128074,0.944926997668163,0.357,0.156,1
"Pcna-ps2",0.251778392896266,0.160302702073737,0.357,0.172,1
"Fnbp4",0.253156111294167,-0.347325331924831,0.357,0.25,1
"Bbip1",0.253987387880989,0.391038824547648,0.286,0.109,1
"Mrps14",0.254283623556705,-0.224066136883694,0.286,0.156,1
"Ppp2ca",0.255562867506447,0.0966178403149163,0.286,0.125,1
"Dusp5",0.255776263042916,0.0450641076090863,0.429,0.266,1
"Eif2s2",0.256582523520658,-0.819781294458423,0.286,0.281,1
"Ostf1",0.257237677961268,0.0460589665944253,0.5,0.328,1
"Rpl38",0.257562670860269,-0.954689315804905,0.357,0.594,1
"Etfa",0.259279862585482,-0.131498704133536,0.286,0.141,1
"Egr1",0.260603229726611,-0.742715094533748,0.286,0.203,1
"Aebp2",0.262735175139569,-0.288201768617918,0.286,0.188,1
"Cct7",0.263541276212253,-0.408894683205618,0.286,0.188,1
"Uqcc2",0.265512583278704,-0.0521042108245564,0.286,0.141,1
"Ran",0.265649309330938,-0.366217467661498,0.357,0.281,1
"Tmco1",0.266442432571421,0.714062087093952,0.286,0.109,1
"Cd3d",0.266472862143459,-1.4219254794084,0.143,0.328,1
"Cd74",0.266540568277428,1.17978416230502,0.5,0.312,1
"Rps13-ps2",0.267875634702593,0.715992789216039,0.357,0.156,1
"Suz12",0.267904310413065,1.19605373609092,0.357,0.156,1
"Ddx54",0.268037327641683,-0.104194666059175,0.286,0.156,1
"Gm15772",0.268591731839329,-0.425019495954526,0.643,0.562,1
"Ndufb8",0.270614797554683,0.678257746380111,0.286,0.109,1
"Dusp1",0.271049353019127,-1.31718858304123,0.214,0.328,1
"Tma7",0.271229831035552,0.335656585288519,0.286,0.125,1
"S100a6",0.271574570856136,-0.423768633754455,0.5,0.375,1
"Slc25a5",0.271830688028268,-0.0088123634921895,0.643,0.5,1
"Fth1",0.272144785722165,-0.483551023147044,0.929,0.812,1
"Smc3",0.272208262607322,0.296268426834364,0.5,0.297,1
"Kif23",0.273608074029043,0.604665760794989,0.286,0.109,1
"Arpc4",0.274526160551284,0.383601196401834,0.357,0.172,1
"Nme1",0.274534947463798,-0.565320770791365,0.357,0.281,1
"Tbcb",0.276757680748945,0.0179054677048376,0.286,0.141,1
"Ppdpf",0.277915203737468,-0.274666409077585,0.357,0.234,1
"Cbx3",0.278885501216277,0.242045663818449,0.357,0.172,1
"Ptpn18",0.279901954720307,-1.06677358495915,0.143,0.328,1
"Faim",0.280343714973139,0.980045291242118,0.286,0.109,1
"Cbx5",0.280509243213347,0.170507227023823,0.286,0.125,1
"Spcs1",0.280762682203547,0.166893251912832,0.286,0.125,1
"Btg1",0.283413532095279,0.205856786567099,0.429,0.25,1
"Rps14",0.28352188112645,-0.503380790953694,0.929,0.953,1
"Anapc16",0.283928025257526,0.890162064685815,0.286,0.109,1
"Tmbim4",0.284716476310751,0.692096871203401,0.286,0.109,1
"Ifi203",0.284792520750532,-0.418797544840513,0.357,0.266,1
"Itgb2",0.284909204590119,0.829596131098419,0.286,0.109,1
"BC031181",0.285288273971371,-0.057754123591792,0.286,0.156,1
"Hnrnpdl",0.285396130055115,-0.0693835265789693,0.357,0.203,1
"Sri",0.285991798170366,0.092108659512395,0.5,0.312,1
"Ndufb11",0.286548639045805,0.0701991750270292,0.429,0.281,1
"Slc38a2",0.287467316411899,-1.20553900702498,0.143,0.281,1
"Ms4a4b",0.290489000112565,-1.20139957076406,0.143,0.344,1
"Romo1",0.290606407859409,0.331618866437939,0.357,0.172,1
"Cdk13",0.293623318868534,0.171705516880261,0.286,0.125,1
"Calr",0.293840120786176,-0.89333281124535,0.357,0.359,1
"Nr4a1",0.294210382422021,-1.06576030994278,0.286,0.25,1
"Acin1",0.294521578073374,-0.0516467109407843,0.643,0.469,1
"Pkm",0.295609522010435,0.798204660812834,0.5,0.281,1
"Esf1",0.295903434160381,0.316895647441629,0.357,0.172,1
"Chmp2a",0.29598513154982,-0.0310429255869045,0.357,0.188,1
"Pycard",0.296874525946475,-0.42352396891506,0.429,0.328,1
"Pdia6",0.297191433272514,-0.32383520635696,0.286,0.172,1
"Ssb",0.297570162023689,0.248656106987188,0.571,0.375,1
"Ppig",0.297734792462297,0.274913136278933,0.5,0.297,1
"Zfr",0.298281536629504,0.198204684088442,0.286,0.125,1
"1500012F01Rik",0.29864449159446,-0.101717446196279,0.357,0.203,1
"H2-K1",0.298915451794743,-0.379030016076569,0.857,0.781,1
"Actr3",0.299979237138058,0.364167836379476,0.643,0.422,1
"Arpc1b",0.300221352906512,0.333831561373959,0.714,0.516,1
"Pcbp1",0.301927256882474,-0.829999694248516,0.286,0.297,1
"Cdkn1b",0.302062145542563,-0.976525813701584,0.286,0.375,1
"Jak1",0.302470581107455,-0.395755936734585,0.5,0.438,1
"Sla",0.302631893526994,0.459765364554609,0.286,0.141,1
"Ndufa13",0.302888488571368,0.332273341581085,0.5,0.297,1
"Ptges3",0.303160815203543,-0.34579275508638,0.286,0.203,1
"Erp29",0.30457849434114,-0.541817750207479,0.286,0.219,1
"Apbb1ip",0.309370886848315,0.13093822163344,0.429,0.266,1
"Ddx6",0.310378996236702,-0.828924876229951,0.357,0.328,1
"Dnajc3",0.310547644761295,-1.28208122472501,0.143,0.266,1
"Arhgap30",0.311742816811922,-0.332657253125172,0.429,0.297,1
"C1qbp",0.311872888546748,-0.094774760350969,0.357,0.219,1
"Pcna",0.312105456165249,0.0850512762109044,0.357,0.203,1
"Smg1",0.312772795453844,0.151695644510374,0.286,0.141,1
"Pomp",0.31322487092926,0.612365796023584,0.357,0.172,1
"Bag1",0.315276837530758,0.5119380608735,0.357,0.172,1
"Cotl1",0.315518589838548,0.470358213323238,0.643,0.438,1
"Arhgap25",0.315895930008327,0.347684444282617,0.286,0.125,1
"Calm3",0.316025067152149,0.167910867394053,0.286,0.141,1
"G3bp1",0.316856746174477,-1.00490646415846,0.214,0.281,1
"Atp6v1d",0.318460826041513,0.344157107075754,0.286,0.125,1
"Ptprc",0.318493486847427,-0.368542367352664,0.786,0.734,1
"Ctsd",0.318521559746689,-0.00971746385252481,0.286,0.141,1
"Raf1",0.319812789824045,0.040089077040617,0.286,0.141,1
"Rrbp1",0.320723122117709,0.0664297131323959,0.357,0.203,1
"Adrbk1",0.320866141278013,0.426365886056897,0.286,0.125,1
"Tmem258",0.320961753651242,-1.17088800671908,0.143,0.281,1
"Hnrnpa3",0.320999851875938,-1.12530499440325,0.214,0.375,1
"Rbm17",0.325274167874116,-0.315954111945315,0.357,0.281,1
"Psmb1",0.328310548644561,0.239640893810097,0.714,0.516,1
"Pou2f2",0.328348728053804,1.36376511338476,0.286,0.125,1
"Sept11",0.328631942897479,0.494985275816921,0.286,0.125,1
"Hspa4",0.330272403120918,-0.417174384602835,0.286,0.188,1
"Cct5",0.331087326722322,-0.448554680060198,0.286,0.219,1
"Cdc37",0.33162361014606,-0.0387119544163723,0.286,0.141,1
"Tmod3",0.332306984659228,0.383595607049446,0.429,0.234,1
"Timm13",0.332804004868384,-0.29081942571451,0.357,0.266,1
"BC005537",0.332949876120446,-0.601005122368522,0.286,0.25,1
"Dazap2",0.333653571380131,0.0309962964289392,0.429,0.281,1
"Sdhd",0.333677550219998,0.538328833964006,0.357,0.172,1
"Commd6",0.33375209602956,0.0393596102334948,0.286,0.141,1
"Cab39",0.333785851452626,0.162222610377364,0.286,0.141,1
"Kras",0.334463942302986,0.523657268049098,0.286,0.125,1
"Rplp1",0.336333532567156,-0.531253535113019,0.857,0.891,1
"Ube2b",0.336714841951209,-0.246180882553492,0.5,0.422,1
"Lyn",0.336989750956275,0.33840688400977,0.286,0.125,1
"Ndufab1",0.338627064334255,0.0438118288960339,0.286,0.156,1
"Rabac1",0.341321762818084,-0.263391266851369,0.286,0.203,1
"Kif5b",0.341424700926302,0.476100361230676,0.5,0.297,1
"Psmb8",0.341425727176111,-0.923374980785189,0.429,0.484,1
"2700029M09Rik",0.341795953663548,0.507823858889176,0.286,0.125,1
"Pdcd4",0.342069582631801,-0.912226412748635,0.214,0.375,1
"Cox17",0.342786673458619,0.202589709392355,0.286,0.141,1
"Tcof1",0.342914886406059,-0.0806322302806282,0.286,0.172,1
"Rap1a",0.344133165232922,0.254004369145949,0.357,0.188,1
"Gm10039",0.344585514234835,-0.420155545747402,0.286,0.219,1
"Nop10",0.344986239726483,-0.821528330335515,0.286,0.266,1
"Eif1ax",0.346034509044018,0.406376473680771,0.286,0.125,1
"Zcchc11",0.350409950237865,1.15570588772319,0.357,0.203,1
"Fis1",0.351435145161565,-0.503002837389034,0.286,0.266,1
"Ddx46",0.351822771771344,-1.23163522719441,0.214,0.328,1
"Gpbp1",0.352676041545203,0.329654668889697,0.357,0.188,1
"Ndufa3",0.353616856241257,-0.469218830714242,0.357,0.281,1
"Sat1",0.354016710376049,-0.415982078817251,0.286,0.203,1
"Nfkbia",0.35411260444381,-0.595378641986961,0.429,0.422,1
"Thoc2",0.356574719373985,0.646720511171642,0.429,0.234,1
"Sf3b1",0.357044165233176,-0.0655861780434299,0.5,0.391,1
"Grcc10",0.358599393956327,-0.217296179431234,0.357,0.281,1
"Zfand5",0.35903517742911,-0.804409591512055,0.286,0.25,1
"Psme2b",0.359515197921331,0.175069672843713,0.286,0.141,1
"Uqcr10",0.360160157565153,-0.225131683386914,0.429,0.328,1
"Lcp1",0.360200599288743,0.590703389459169,0.5,0.297,1
"Cox6a1",0.360512055744782,-0.0479292101503472,0.571,0.406,1
"Dynlrb1",0.361295116023491,0.567715764315453,0.286,0.125,1
"Tmsb10",0.361311580856493,-0.560548602294813,0.571,0.656,1
"Tubb4b",0.361949335698811,0.550098395524526,0.286,0.125,1
"Lbr",0.36307264890045,0.391142223139801,0.357,0.188,1
"Cd55",0.363074655546335,0.703542663442403,0.286,0.125,1
"Itm2c",0.363383898692017,0.744052036062853,0.286,0.125,1
"Cox7c",0.363543728738855,-1.08981582896701,0.143,0.266,1
"Fos",0.36470420738689,-1.53151489494909,0.214,0.344,1
"Ppp2r5a",0.365237740621402,0.163977609833504,0.286,0.141,1
"Srsf3",0.367345043289513,-0.216122107198761,0.5,0.391,1
"Esyt1",0.367424840958609,1.04449641693817,0.286,0.125,1
"Ndufa6",0.367593671816057,-0.0611609751738151,0.5,0.375,1
"Pabpc1",0.368728296925228,-0.424075912363708,0.929,0.969,1
"Csnk2a1",0.369114606169173,-0.415187992440436,0.286,0.219,1
"Syncrip",0.36927629753753,0.147692544801302,0.286,0.141,1
"Gimap6",0.370215139053468,-1.20246238116585,0.214,0.297,1
"Cox6c",0.372386120250306,-0.131673190121407,0.643,0.516,1
"Gimap1",0.372796152832146,-0.362828372667396,0.286,0.188,1
"Eif3a",0.374022919602845,-0.151597315727361,0.571,0.438,1
"Hp1bp3",0.374308402799671,-0.418916575323251,0.429,0.359,1
"Sltm",0.374464216276539,-0.807234008991357,0.286,0.281,1
"Prr13",0.375318278420299,-0.0329849625122223,0.286,0.156,1
"Gm15427",0.375463666527731,-1.10052255842881,0.143,0.266,1
"Ppp4c",0.375499866426601,-0.761877949008722,0.286,0.234,1
"Rbm39",0.375998345600669,0.353197812666553,0.786,0.594,1
"Sdf4",0.377113160428282,-0.0776793103676807,0.357,0.234,1
"Psma5",0.377196194357512,-0.160966144185875,0.357,0.234,1
"Myeov2",0.378207153345256,0.299137396202011,0.357,0.203,1
"Ifrd1",0.380311911477711,-0.66173851168642,0.286,0.203,1
"Eif4h",0.38106865715444,0.200161313606984,0.286,0.141,1
"Psmd8",0.383352455405479,0.141386170703973,0.429,0.266,1
"Itga4",0.385405591330413,0.332710219385462,0.357,0.203,1
"Ifi30",0.385611319246295,-0.348168226477959,0.357,0.266,1
"Rpl22l1",0.385939774283596,-0.800968063934322,0.357,0.5,1
"Snrnp70",0.386071518094701,-0.451443979409061,0.429,0.469,1
"Arpc3",0.38699355870194,-0.209245131895142,0.357,0.266,1
"Zmynd11",0.387514358083889,0.284320921192963,0.286,0.141,1
"Cox7a2",0.388776103129245,-0.00669713706429098,0.5,0.359,1
"Prdx5",0.389625355934991,0.360606924678143,0.357,0.203,1
"Mat2b",0.391855923195106,-0.0087153988156039,0.286,0.156,1
"Naca",0.392784186608902,-0.376314948036914,0.571,0.547,1
"Ubtf",0.393260900430552,0.430035047575277,0.357,0.188,1
"Grb2",0.395950614265443,0.158704779589047,0.357,0.203,1
"Cacybp",0.39711654682373,-0.00967598476910769,0.286,0.156,1
"Tomm7",0.398057839550574,-0.654933769827612,0.286,0.297,1
"Atp5k",0.398463638644881,-0.172655693580991,0.357,0.25,1
"Polr1d",0.398532749180745,-0.0718510847310896,0.286,0.172,1
"Rplp2",0.398542990268069,-0.226763568546837,0.929,0.859,1
"Ndufb3",0.400034760457192,0.00106611354945629,0.357,0.234,1
"Irf1",0.403545375965665,0.475994158420933,0.286,0.141,1
"Eif3g",0.403666018425932,-0.153276567449013,0.286,0.203,1
"Prpf4b",0.405482055742925,0.420718347177843,0.429,0.266,1
"Rps24-ps3",0.405848650415676,-0.828605866384575,0.357,0.422,1
"Ankrd11",0.406459288160689,0.471371318593945,0.429,0.25,1
"Usp16",0.406659463918352,0.669286155070677,0.357,0.188,1
"Rsl1d1",0.407556222456536,-0.477366762819176,0.286,0.203,1
"Prkx",0.409469617464514,0.0739532312472932,0.286,0.156,1
"Srp14",0.409715824865695,-0.771159268771127,0.286,0.297,1
"Ech1",0.410193080789743,0.131117057786882,0.286,0.156,1
"Ssr3",0.410244363647271,-0.282834786499243,0.286,0.172,1
"Plgrkt",0.411074478333182,0.380342850135239,0.286,0.141,1
"Mgat2",0.411364432682708,0.627379925217958,0.357,0.188,1
"Fubp1",0.413419032214248,0.737550368457146,0.357,0.188,1
"Ly6d",0.413441282402301,0.449580741537486,0.357,0.188,1
"S100a13",0.413656509693533,0.680898288055666,0.357,0.188,1
"Hmgn5",0.413717969397467,0.330366880810012,0.357,0.203,1
"Arid4b",0.413849838327312,0.767285460585513,0.357,0.188,1
"Vdac2",0.415958439115552,0.457775445257918,0.357,0.203,1
"Fam49b",0.416290415630444,0.296761970655084,0.357,0.203,1
"Atp5h",0.417506912135152,-0.734349222723615,0.429,0.453,1
"Rdx",0.41787925390537,0.397567554928929,0.286,0.141,1
"Hectd1",0.419347457475751,0.279515679764962,0.286,0.141,1
"Arf5",0.421738857384429,-0.831142768965607,0.214,0.391,1
"Ssr4",0.421876730142495,-0.12079471622362,0.357,0.234,1
"Ppp3ca",0.422056870863163,0.115951954262598,0.286,0.156,1
"Nol7",0.423077175914886,0.019767642455268,0.5,0.359,1
"Yeats4",0.423093502116908,0.0753931503996441,0.286,0.156,1
"Celf2",0.423261333760368,0.212939960202611,0.357,0.203,1
"Cox7a2l",0.423658294635378,-0.285945159063053,0.286,0.234,1
"Rps19",0.423792621438586,-0.184771081723343,0.929,0.844,1
"Hnrnpa2b1",0.424187038889181,0.154372352498744,0.857,0.703,1
"Emp3",0.424198469102598,0.420882113909977,0.5,0.328,1
"Gm6204",0.424272325882109,-0.641494976750721,0.286,0.281,1
"Tpm3",0.426022893812218,-0.0781293830921279,0.786,0.641,1
"Cd2",0.427898347279658,0.686809677040959,0.429,0.25,1
"Ndufb7",0.427944835646566,-0.874240529398488,0.214,0.328,1
"Dnajc2",0.428392614119811,0.500085611971213,0.357,0.203,1
"Scpep1",0.428444869910979,0.390443666543305,0.286,0.141,1
"Mcl1",0.429196252553462,-0.466572787848667,0.429,0.375,1
"Abracl",0.429815825259342,-0.550158158188799,0.286,0.25,1
"mt-Rnr1",0.432479745689275,-0.365452441066545,0.929,0.922,1
"Anp32a",0.433545366043502,0.240652662848755,0.714,0.531,1
"Tm9sf3",0.434537897497368,-0.348048917526678,0.357,0.297,1
"Ddx24",0.436693095496949,0.102024787075409,0.286,0.156,1
"Macf1",0.438047213976973,-0.726966919390606,0.214,0.344,1
"Coro1a",0.439349354420681,0.13321454852992,0.571,0.406,1
"Cnot6l",0.440048495313944,0.278258404334963,0.286,0.141,1
"Hspd1",0.440220115399928,-0.488613102718488,0.286,0.25,1
"Dad1",0.443027432107606,-0.691668009877818,0.357,0.422,1
"Ilf3",0.44620484332861,-0.159889130797105,0.286,0.188,1
"Cdc42se1",0.449076676497011,0.260380199309745,0.357,0.203,1
"Ubxn1",0.449727720501037,0.363764981393787,0.429,0.266,1
"Sep15",0.449815101070279,0.473463414807897,0.286,0.141,1
"Smap2",0.450015390279469,-0.206831799499552,0.357,0.281,1
"Zfp36l2",0.45037098494145,-0.192692273202365,0.286,0.203,1
"Ccdc50",0.451941259690096,0.744966283100549,0.286,0.141,1
"Eif4a1",0.451971365978539,-0.917188960541135,0.214,0.281,1
"Sept1",0.452491252269313,-0.400915149669727,0.357,0.328,1
"Hsp90ab1",0.452779147808288,0.561574707314482,0.857,0.75,1
"Hdac1",0.453146092219561,0.707708895558323,0.286,0.141,1
"Crip1",0.453355935428564,-0.589956593708147,0.571,0.734,1
"Top2b",0.453812114241291,0.817216146726886,0.286,0.141,1
"Srp72",0.455671663304465,-0.23860390205468,0.286,0.188,1
"Psme1",0.458740624014651,-0.0230538823330519,0.429,0.312,1
"Rps3a1",0.460651651859417,-0.387497805028161,0.714,0.703,1
"Mien1",0.460741705924714,-0.141774194801306,0.286,0.203,1
"Shisa5",0.460817159595795,-0.553306878941541,0.429,0.562,1
"Fam107b",0.461314910487535,0.852334289526071,0.286,0.141,1
"Tecr",0.461395339601294,0.694857644553033,0.286,0.141,1
"Atp5d",0.461432519557259,0.205915372463622,0.429,0.312,1
"Rbms1",0.462348274015063,-0.107590929751725,0.357,0.266,1
"Fam13b",0.463763518753775,-0.000737934105680349,0.286,0.172,1
"Son",0.467780668933225,-0.330216836523229,0.571,0.562,1
"Dnaja2",0.467889385839726,-0.0526516458740756,0.286,0.172,1
"Ahnak",0.468810030461969,1.00306026019218,0.357,0.219,1
"Fkbp8",0.469413942787387,0.163488775643342,0.286,0.156,1
"Kmt2a",0.472543127571812,0.558825243689787,0.357,0.203,1
"Gimap4",0.472634599729657,0.926052457710996,0.429,0.266,1
"Rpl7",0.475448292065592,-0.480592916375413,0.714,0.703,1
"Nasp",0.476637296454492,0.445276588066194,0.357,0.203,1
"Psmb4",0.476951797883282,0.00201949647263744,0.357,0.25,1
"Rps20",0.478664207294218,-0.00738172047326913,0.929,0.844,1
"Atp5j2",0.480348060446021,-0.0737216688883788,0.5,0.406,1
"Sec61b",0.480893676440315,-0.0130928318690899,0.357,0.281,1
"Ddx21",0.481301280944297,0.330370927924386,0.429,0.281,1
"Eif3k",0.481703771806376,-0.743852634370099,0.286,0.312,1
"Ube2k",0.482161116456425,-0.187618218451558,0.357,0.266,1
"Snrpd3",0.482643992113811,0.0964835402284034,0.429,0.344,1
"Rrp1",0.484737219207354,0.282677981206848,0.429,0.281,1
"Myl12a",0.487394505529558,-0.653226509185465,0.357,0.344,1
"Serbp1",0.487559434072679,0.0820652338101246,0.786,0.641,1
"Ddx39b",0.489020771896462,0.027525466424891,0.429,0.328,1
"Utp3",0.489349168539966,0.516591038650732,0.357,0.203,1
"Vps37b",0.489636988148916,-0.054484997946493,0.429,0.312,1
"Rgs2",0.490397850351075,-0.554749709045617,0.357,0.344,1
"Htatsf1",0.492491900134434,0.300543004726107,0.286,0.156,1
"1810026B05Rik",0.492561213531276,0.367034395603793,0.286,0.156,1
"Ier5",0.492786789292301,0.201091548271811,0.286,0.156,1
"Abcf1",0.495657624618833,0.212343687462173,0.357,0.219,1
"Tonsl",0.496180191792065,-0.0407312629933807,0.286,0.172,1
"Rps9",0.497932819331709,-0.20834117515555,1,0.969,1
"Wapl",0.498042147257994,0.260811626026803,0.357,0.219,1
"Arid4a",0.498827319466177,-0.521080996874008,0.286,0.328,1
"Ets1",0.49944827550668,-1.10125471886899,0.357,0.391,1
"Ppp1r18",0.5006242170077,0.268076762302252,0.286,0.156,1
"Evl",0.500923421064009,0.22302044203365,0.286,0.156,1
"Eif3m",0.502884747241193,0.03045071467053,0.357,0.25,1
"Ccnd2",0.503026745661155,-0.698210309967824,0.357,0.391,1
"Ssr1",0.503322848362351,0.11895191237555,0.286,0.156,1
"Dnaja1",0.505923185995668,-0.37477186112154,0.357,0.297,1
"Ablim1",0.506577888392984,-0.931132587498703,0.143,0.281,1
"Arhgdia",0.509779718146123,-0.199906383530964,0.143,0.266,1
"Ptpn1",0.509925435439335,0.339786918974778,0.286,0.156,1
"2010107E04Rik",0.51098887687548,-0.549456998581835,0.357,0.375,1
"S1pr1",0.512158117629267,-0.724112394914898,0.286,0.328,1
"Ddx5",0.514974084357924,-0.0999681402809696,0.857,0.75,1
"Gm10260",0.51531955197032,-0.461285626170101,0.5,0.641,1
"Npm1",0.515944604499056,0.273857149369912,0.786,0.641,1
"H2-D1",0.518284753564775,0.258934014256836,1,0.938,1
"Cst3",0.521311793332903,0.463208570790799,0.429,0.297,1
"D8Ertd738e",0.527502249024228,-0.323443916707101,0.286,0.234,1
"Ncl",0.529856034096802,0.467627638661895,0.786,0.641,1
"Edf1",0.530465871540947,-0.768412375140397,0.214,0.281,1
"Cox7b",0.532175961619744,0.510238488757369,0.571,0.406,1
"Pdia3",0.539199063122184,-0.771109242467731,0.214,0.297,1
"Ubc",0.539272008862964,-0.1092668910971,0.286,0.188,1
"Sfr1",0.540646664607564,-0.282722267231151,0.286,0.219,1
"Nr3c1",0.542983896516071,0.00795329430222802,0.286,0.188,1
"Eif4a2",0.543820713207889,0.126545562355516,0.286,0.172,1
"Ssrp1",0.544259460349141,-0.09974285893663,0.286,0.188,1
"Arglu1",0.546075350942825,0.0167157044608013,0.429,0.344,1
"Senp6",0.547171630433723,0.0019960186695529,0.286,0.188,1
"Acbd3",0.547868831997062,0.342397491998061,0.286,0.172,1
"Fkbp1a",0.549828770969243,0.474634112184845,0.286,0.156,1
"H2-Aa",0.552442682025358,0.488190221896315,0.357,0.219,1
"Ikbkb",0.552683786388737,0.0265891606759183,0.286,0.188,1
"Crlf3",0.553488077516578,-1.03550732074723,0.214,0.297,1
"Zfand6",0.553747381818372,-0.432639298141118,0.286,0.234,1
"Rpl13a",0.558303126428063,-0.0147669353472173,1,0.953,1
"Ptma",0.559863777010904,-0.234136589031781,0.714,0.703,1
"Gnas",0.560167064455635,0.169992156392886,0.714,0.578,1
"Xrn2",0.560673384173482,0.426022121686803,0.429,0.281,1
"Fermt3",0.561337210995825,-0.137520549075061,0.286,0.203,1
"Grap",0.564525365232449,0.281312836183921,0.286,0.172,1
"Med28",0.565105619818681,0.231515107916551,0.286,0.172,1
"Paip2",0.566365639950686,0.791226146715815,0.429,0.281,1
"Lsp1",0.567082180778688,-0.573493463832373,0.5,0.641,1
"Baz1a",0.568595246322306,0.380025868790353,0.357,0.219,1
"Hspa8",0.570473283725723,-0.451264532666621,0.143,0.266,1
"Hnrnpf",0.57250214486981,-0.308223257338114,0.286,0.203,1
"Jun",0.572527285680713,0.0650328555572375,0.357,0.219,1
"Clta",0.574012876089677,-0.22748529682144,0.286,0.203,1
"Cap1",0.575449910027538,-0.740159825776139,0.214,0.297,1
"Cntrl",0.577973715653059,-0.463684433032852,0.286,0.25,1
"Tmem50a",0.578700471471159,0.300366300369904,0.5,0.375,1
"Uqcrc2",0.579574812162208,0.190266355274253,0.357,0.234,1
"Ifngr1",0.58062003387855,0.449353925124337,0.286,0.297,1
"Sbno1",0.583521683657499,0.286120633787822,0.286,0.172,1
"Psma2",0.585467675930039,0.713611007276059,0.571,0.422,1
"Eif5",0.585493462808238,0.0897023727296307,0.5,0.375,1
"Morf4l1",0.587211521775283,0.0939516696696596,0.286,0.188,1
"Gm2a",0.589182176671359,0.0700517887104084,0.357,0.266,1
"Neat1",0.597395618476825,-0.281758326635493,0.286,0.234,1
"B2m",0.598130558437426,-0.0786733069974739,0.929,0.984,1
"Psmb3",0.598388853993887,0.229111355939851,0.357,0.234,1
"Atp6v1f",0.602901649276663,0.473189403902547,0.357,0.234,1
"Rpl14-ps1",0.605631467392209,-0.230770407822855,0.5,0.453,1
"Cct2",0.608146715087636,-0.222179973466243,0.357,0.281,1
"Atp5b",0.608977160617437,-0.408055746459761,0.429,0.438,1
"Vps36",0.609931546725635,0.375201888942326,0.286,0.172,1
"Gimap5",0.61062276786607,0.309350852963963,0.286,0.188,1
"Selplg",0.613831752070159,-0.145053880217727,0.214,0.328,1
"Rbm5",0.614450833165054,-0.105518133238155,0.357,0.266,1
"Ltb",0.615240113507073,0.37142739468162,0.286,0.172,1
"Ly86",0.61734859856806,1.17883727860695,0.286,0.188,1
"Zfp36",0.617519119604783,-0.763161533199378,0.286,0.281,1
"Ndufv3",0.617543363540213,0.39239005456215,0.286,0.172,1
"Srrm2",0.617837167038893,0.0926803829128109,0.643,0.516,1
"Txn1",0.622177130023208,0.217114086386545,0.5,0.375,1
"Parp1",0.624782768634099,0.0755484171030776,0.286,0.188,1
"Vps29",0.625618790636644,0.37189513288917,0.286,0.172,1
"Hmgb1",0.626295620017351,-0.427292182535768,0.429,0.359,1
"Actb",0.629342132190702,0.0897288158687113,1,1,1
"Dnajc9",0.629801463408072,0.650552755078709,0.286,0.172,1
"Atp5e",0.631691177945338,-0.152973455833118,0.5,0.453,1
"Zc3hav1",0.631738993037832,0.857043219285473,0.286,0.172,1
"Tmsb4x",0.631875539422277,0.287134345573744,1,1,1
"Ndufb10",0.633807879078001,0.554977378639838,0.286,0.172,1
"Tra2a",0.634191612898196,-0.30496437617,0.357,0.344,1
"Gm6472",0.635257295460296,-0.124657944184276,0.5,0.422,1
"Cytip",0.638300165574059,-0.749635151835963,0.286,0.375,1
"Actr2",0.638401374515482,-0.0491817829550469,0.429,0.391,1
"Capzb",0.641267887455826,0.478763226656865,0.571,0.469,1
"Sod1",0.641640625258166,-0.128452488834037,0.286,0.203,1
"Eef1d",0.643125643723692,0.477434069632112,0.286,0.172,1
"Laptm5",0.643330541328709,0.151712142826609,0.571,0.516,1
"Snrpb",0.643697213961795,-0.365610359164374,0.357,0.328,1
"Ldha",0.644685984079801,-0.28835687133223,0.429,0.406,1
"Sin3b",0.64585636716977,-0.150198380621755,0.286,0.219,1
"Ankrd12",0.649792944672009,0.405500728671094,0.357,0.234,1
"Gm9843",0.650578339385844,-0.361802839353123,0.5,0.531,1
"Ctss",0.652826504352088,-0.00169322564296248,0.357,0.281,1
"Prdx6",0.656955794647339,-0.365570550604668,0.286,0.266,1
"Frg1",0.659538573946265,-0.213052295172293,0.357,0.297,1
"Hnrnpab",0.660275702943104,0.397340452857961,0.571,0.438,1
"Selk",0.661304692194173,-0.863910494435209,0.214,0.281,1
"Eif5a",0.663333597356365,0.424729398039406,0.5,0.375,1
"Gm42418",0.664021571238979,0.372067633114569,0.286,0.203,1
"Rpl30",0.665668525578514,-0.354710094934861,0.571,0.594,1
"Fus",0.671857812163805,-0.525846340982822,0.357,0.406,1
"Zc3h7a",0.673173594625741,-0.339279248719122,0.286,0.25,1
"Sfpq",0.675816598874064,-0.505635751482701,0.214,0.328,1
"Srp19",0.676729971180269,0.0623104462456823,0.286,0.203,1
"Scand1",0.677239272827641,-0.0202003792928922,0.429,0.359,1
"Gas5",0.67903969049734,-0.342614862093336,0.5,0.516,1
"Snrpg",0.685566633754292,-0.215279003642828,0.286,0.234,1
"Tmem234",0.689107840415725,-0.269312656828545,0.286,0.25,1
"Emb",0.689397511194112,0.364595540236917,0.286,0.188,1
"Nktr",0.697109733738801,-0.45581060496467,0.286,0.266,1
"Cct8",0.697154057351119,0.179098889644367,0.286,0.188,1
"Rplp0",0.705589040523511,-0.0573524980474698,0.714,0.812,1
"Klf3",0.705626808506636,-0.187972109368764,0.357,0.297,1
"Eif4g1",0.708100332301659,0.290644467299014,0.286,0.188,1
"Jund",0.716596877726209,-0.246109388946339,0.429,0.375,1
"Psmd4",0.717295101764301,-0.046043202411975,0.286,0.25,1
"Eif3d",0.723343383940921,-0.116928777178432,0.286,0.219,1
"Capg",0.72459473301617,-0.442102965455851,0.357,0.328,1
"Tcf25",0.728217082072091,-0.100637509659981,0.429,0.375,1
"Dynll1",0.738427386185427,0.168934568495875,0.571,0.469,1
"Prpf38b",0.739006032753528,0.32157809085824,0.5,0.422,1
"Taldo1",0.744468359915367,-0.486392737033311,0.214,0.312,1
"Lgals1",0.744476050851931,0.495991091070549,0.643,0.531,1
"Aprt",0.746309487129601,0.49660819794083,0.286,0.219,1
"Tln1",0.748233955768786,-0.376126072800232,0.286,0.25,1
"Sdcbp",0.755275842534301,0.186470019367813,0.286,0.203,1
"Snrpe",0.7553052009626,-0.0209421248017621,0.429,0.375,1
"Glud1",0.773500795066739,0.244854607182426,0.286,0.203,1
"Hsbp1",0.784717039813139,-0.117200785711044,0.286,0.234,1
"Slk",0.791836732357127,0.367580518958872,0.286,0.203,1
"Mrpl52",0.796064258668356,0.220599889843055,0.286,0.203,1
"Rpl4",0.796648337403966,0.199673708956687,0.857,0.859,1
"Arf4",0.797861648320124,0.0601182089062875,0.286,0.234,1
"Rtf1",0.80219193067376,0.466973790283117,0.286,0.203,1
"Calm2",0.802797262191372,0.141330113720741,0.571,0.484,1
"Ybx1",0.804173518634922,0.00163417420694945,0.714,0.656,1
"Zfp91",0.804219554901683,-0.0415668522521517,0.286,0.219,1
"Tuba1b",0.804309831711546,0.864076491914008,0.286,0.203,1
"Arpc2",0.811893480272454,-0.0197242376504727,0.857,0.797,1
"Gm9794",0.814867845353683,0.282375721477664,0.5,0.406,1
"Csde1",0.820854124263082,-0.0374209723802608,0.286,0.234,1
"Rpl35a",0.823285220671039,0.207314565192777,0.714,0.641,1
"Eif3i",0.840424515417535,0.28640879753152,0.286,0.234,1
"P2ry10",0.851743944793689,0.695820221969593,0.286,0.219,1
"Add3",0.860608282437247,-0.17327007255329,0.286,0.25,1
"Akr1a1",0.865069025191796,-0.256776764188604,0.286,0.359,1
"Tsc22d3",0.865272888185742,-0.372596705881145,0.286,0.297,1
"H2afj",0.866065858713092,-0.232543288131648,0.286,0.359,1
"Hspe1",0.868000780237252,-0.287128388185582,0.286,0.359,1
"Uba52",0.870480402760111,-0.373602895732656,0.357,0.406,1
"Rpl22",0.871226375109676,0.357836924526637,0.786,0.719,1
"Psma1",0.872006420561343,0.176116314396887,0.357,0.297,1
"Klf2",0.877490077787838,-0.5833572745455,0.357,0.391,1
"Xist",0.879930532887048,-0.430898930741498,0.214,0.266,1
"Id2",0.881531590932874,-0.402492647807526,0.286,0.281,1
"Ralbp1",0.881535890847139,-0.373353140472382,0.214,0.266,1
"Mif",0.891536128219926,0.351676808964106,0.286,0.234,1
"Cd37",0.904220228091553,0.164980446460526,0.357,0.312,1
"Hnrnph1",0.905072596584272,-0.036282035857597,0.286,0.25,1
"Tnfaip3",0.911850595588545,0.0219072486027267,0.286,0.25,1
"Tspo",0.914015734588822,-0.292414517460245,0.214,0.266,1
"Ranbp1",0.91601565143424,0.418560615260062,0.286,0.266,1
"4930523C07Rik",0.924297774866204,-0.282759091164967,0.286,0.328,1
"Rbm8a",0.926299211636476,-0.177544487027438,0.357,0.375,1
"Tmbim6",0.929535199488096,-0.127233058525893,0.286,0.281,1
"Cd52",0.930243378890939,-0.0903933346338892,0.786,0.828,1
"Slfn2",0.932601319620337,0.134183294051172,0.429,0.375,1
"Rpl36al",0.949526020405619,0.254903639602649,0.357,0.312,1
"Rpl14",0.952741437472764,-0.124732980649101,0.857,0.875,1
"Nedd8",0.968858451742519,-0.141022088357029,0.286,0.312,1
"S100a10",0.98239473589453,0.0309073380231646,0.571,0.547,1
"Eef1a1",0.983107881840799,0.321868656596428,0.857,0.844,1
"Itm2b",0.987704749323863,-0.0885845574418838,0.571,0.594,1
"Rps3",0.988254620405388,-0.0740149382722848,0.929,0.938,1
"Banf1",0.994287542133814,-0.143986279617059,0.286,0.297,1
"Top1",0.996109054605146,-0.0374075190977279,0.286,0.297,1
"mt-Co1",0.99611412361119,-0.00301772552005009,0.714,0.703,1
"Atp2b1",0.996275283507632,-0.219702590756936,0.286,0.297,1
